Address,NetAmount,Interactions,Method_encoded,First_Interaction,Last_Interaction,Interaction_Duration
0x0000000000000000000000000000000000000000,-100000000000.0,1,{0: 1},2024-05-29 21:34:35,2024-05-29 21:34:35,0 days 00:00:00
0x72ad95c3b65a0da6826b336c104a929d1e676bf3,68319563839.09846,7,"{0: 1, 1: 2, 19: 2, 20: 2}",2024-05-29 21:34:35,2024-09-18 20:28:23,111 days 22:53:48
0x068ffa6bb53f9a26a8a0350d19ca3450544f0344,2375953.8156335205,2,"{2: 1, 7: 1}",2024-05-29 22:33:47,2024-05-29 22:36:23,0 days 00:02:36
0xc31fa516f1376d525edf6f9e01ab34c3fbbd3c23,2379595.475797564,2,"{2: 1, 7: 1}",2024-05-29 22:33:47,2024-05-29 22:36:23,0 days 00:02:36
0x77ec040154583286586e88bd53de4d466f72514f,2376918.013763696,2,"{2: 1, 7: 1}",2024-05-29 22:33:47,2024-05-29 22:36:23,0 days 00:02:36
0x8c5e9266316af38f8889ba2f0299b8ca9e64b4c4,2376935.9717811793,2,"{2: 1, 7: 1}",2024-05-29 22:33:47,2024-05-29 22:36:23,0 days 00:02:36
0x6c5dc35a9687237bbb386086580f3bfc2bdef320,2380667.034032285,2,"{2: 1, 7: 1}",2024-05-29 22:33:47,2024-05-29 22:36:23,0 days 00:02:36
0x884aa670f712e3aa36bcaa8c5cfc407cd925e5bd,97000000.0,1,{2: 1},2024-05-29 22:33:47,2024-05-29 22:33:47,0 days 00:00:00
0x6046895211886acc8a2247dc47d3c196e3f15721,97000000.0,1,{2: 1},2024-05-29 22:33:47,2024-05-29 22:33:47,0 days 00:00:00
0x86d5211f2125caf31b17021cb1e28c15d8fa41f1,97000000.0,1,{2: 1},2024-05-29 22:33:47,2024-05-29 22:33:47,0 days 00:00:00
0x06e8b59c2c6c761416dea1014600e88ecd34c783,2479894.6559632868,2,"{2: 1, 7: 1}",2024-05-29 22:33:47,2024-05-29 22:34:59,0 days 00:01:12
0x63e9de385887b6d00ea10a787343b763efd31e1d,2484540.7466386706,2,"{2: 1, 7: 1}",2024-05-29 22:33:47,2024-05-29 22:34:59,0 days 00:01:12
0x9b968da6a634f0c2fa4946c9e4dde533d5d5ed69,2480859.908259183,2,"{2: 1, 7: 1}",2024-05-29 22:33:47,2024-05-29 22:34:59,0 days 00:01:12
0x7ea58425fb3f871fd01ae18c157eeec8880701bc,2478103.9296664894,2,"{2: 1, 7: 1}",2024-05-29 22:33:47,2024-05-29 22:34:59,0 days 00:01:12
0xa82d014c971c9a7f0a4c441295336b04d20bfcce,2477198.4990360737,2,"{2: 1, 7: 1}",2024-05-29 22:33:47,2024-05-29 22:34:59,0 days 00:01:12
0x6552d32c1a0563d6bd434c761771341058862f78,2480919.9490985423,2,"{2: 1, 7: 1}",2024-05-29 22:33:47,2024-05-29 22:34:59,0 days 00:01:12
0x990ed2b67f7fef083aba650bc44ae93b74335b45,2482790.5811889768,2,"{2: 1, 7: 1}",2024-05-29 22:33:47,2024-05-29 22:34:59,0 days 00:01:12
0x38c7bfa9af9bf19ad086ff1895a6502fc2b9f3f1,2488361.9859354347,2,"{2: 1, 7: 1}",2024-05-29 22:33:47,2024-05-29 22:34:59,0 days 00:01:12
0x77e06a2395f278c0c166dae10f54e56f1ea78a8d,2488382.108235255,2,"{2: 1, 7: 1}",2024-05-29 22:33:47,2024-05-29 22:34:59,0 days 00:01:12
0xc5de2c95c65a050b29cba1dfd38a625edb2b5e10,2480999.8451871425,2,"{2: 1, 7: 1}",2024-05-29 22:33:47,2024-05-29 22:34:59,0 days 00:01:12
0x1f4ac5c1535f6b30cda57f353d88a1e5714fac1d,2492122.8606974036,2,"{2: 1, 7: 1}",2024-05-29 22:33:47,2024-05-29 22:34:59,0 days 00:01:12
0xf2bbec367b9c40c4eb2717b745296696f51351b4,2494918.236873716,2,"{2: 1, 7: 1}",2024-05-29 22:33:47,2024-05-29 22:34:59,0 days 00:01:12
0xc21a95c9b0a1881fc53385096d6d9675aa02a3a8,2485686.5857388526,2,"{2: 1, 7: 1}",2024-05-29 22:33:47,2024-05-29 22:34:59,0 days 00:01:12
0x1e420292c637b3704e7e900c6e33af9738f79afc,2490332.9306437373,2,"{2: 1, 7: 1}",2024-05-29 22:33:47,2024-05-29 22:34:59,0 days 00:01:12
0x2660d8f260eef09e5be93f11e85f1efa7c4bda1f,2400652.869008854,2,"{2: 1, 7: 1}",2024-05-29 22:33:47,2024-05-29 22:36:23,0 days 00:02:36
0xb742f26ca4760a765ac2f095b01fedae765dda40,230767608.16108096,3,{2: 3},2024-05-29 22:33:47,2024-05-29 22:39:11,0 days 00:05:24
0x3381454380d24f6a9913af81e89ab91700aa0012,647789394.0723993,8,"{2: 3, 4: 5}",2024-05-29 22:33:47,2024-05-29 22:41:23,0 days 00:07:36
0x94243f79880c9e9f68e77bad5786d7ed52a5bcb1,436131852.2040156,6,"{2: 3, 4: 3}",2024-05-29 22:33:47,2024-05-29 22:39:11,0 days 00:05:24
0xcb063124a150e4f8385755d12b9a216f94265434,3846885.8612600937,4,"{2: 2, 7: 2}",2024-05-29 22:33:47,2024-05-29 23:03:59,0 days 00:30:12
0x4519b9b604b753f58152ae89fcc3e5bca4856dbd,3960129.8768084645,4,"{2: 2, 7: 2}",2024-05-29 22:33:47,2024-05-29 23:03:59,0 days 00:30:12
0x83d2d5bc2ffc236af0a74dd63ea215e4451aecf7,3856304.8693665937,4,"{2: 2, 7: 2}",2024-05-29 22:33:47,2024-05-29 22:58:23,0 days 00:24:36
0x56c0213d75d740ee069922b13779cd74e1dcd0b8,3995889.2546457574,4,"{2: 2, 7: 2}",2024-05-29 22:33:47,2024-05-29 22:46:59,0 days 00:13:12
0xe80f0c3148ca328384a6ceec57fc4a14d372779b,3979422.678350404,4,"{2: 2, 7: 2}",2024-05-29 22:33:47,2024-05-29 22:58:23,0 days 00:24:36
0xecf692a2f49546250ddcde6c64bf8f3338a95bac,4074631.4271088094,4,"{2: 2, 7: 2}",2024-05-29 22:33:47,2024-05-29 22:47:47,0 days 00:14:00
0x401d4994c06cafea0ba15ed9c9e4fc7bc09ca94f,3883092.6114031523,4,"{2: 2, 7: 2}",2024-05-29 22:33:47,2024-05-29 23:03:59,0 days 00:30:12
0xa0ebf8506f9eeb88b76afd6a4efec86ed5c1169f,3845421.5085919127,4,"{2: 2, 7: 2}",2024-05-29 22:33:47,2024-05-29 22:58:23,0 days 00:24:36
0x7379640f118bfe2040b909880c958287f029d44b,3741484.404880792,4,"{2: 2, 7: 2}",2024-05-29 22:33:47,2024-05-29 22:58:23,0 days 00:24:36
0xae4015a00b6ee153405c64238e3c844aea1e667a,3876778.8943991065,4,"{2: 2, 7: 2}",2024-05-29 22:33:47,2024-05-29 22:46:59,0 days 00:13:12
0x9c66ae1254762c620415003a89f0a58fa3a9dd76,3963908.5513538644,4,"{2: 2, 7: 2}",2024-05-29 22:33:47,2024-05-29 22:46:59,0 days 00:13:12
0x5593c6edb33e4e39023bb357730001a87841b30d,3812342.214761071,4,"{2: 2, 7: 2}",2024-05-29 22:33:47,2024-05-29 23:03:59,0 days 00:30:12
0x55522e44597f79605dd245989dbdea0edbcf9aaf,3821502.197515376,4,"{2: 2, 7: 2}",2024-05-29 22:33:47,2024-05-29 22:47:47,0 days 00:14:00
0x11462ae853e26f118cb56accd1661a6bb3daecc9,4070809.263948813,4,"{2: 2, 7: 2}",2024-05-29 22:33:47,2024-05-29 22:47:47,0 days 00:14:00
0xe5f24e98e1b9d9b7822a2d3a1871d66bccf800b7,3963977.653796226,4,"{2: 2, 7: 2}",2024-05-29 22:33:47,2024-05-29 22:58:23,0 days 00:24:36
0x3a48256005d89f0a7c2d3b8654930de52313ffa0,3779097.234285049,4,"{2: 2, 7: 2}",2024-05-29 22:33:47,2024-05-29 23:03:59,0 days 00:30:12
0xfeb9d09c6f8634b93c9373efe700d2a2a3bf1f7e,3838304.9727360904,4,"{2: 2, 7: 2}",2024-05-29 22:33:47,2024-05-29 22:47:47,0 days 00:14:00
0xec442ad6a9d6afc7c52b9b73c442b0d5e2e66fc4,3880183.1554115415,4,"{2: 2, 7: 2}",2024-05-29 22:33:47,2024-05-29 23:03:59,0 days 00:30:12
0xd02ffa158b6bd66d586b612a07c56d446c8ccd63,3949441.248097591,4,"{2: 2, 7: 2}",2024-05-29 22:33:47,2024-05-29 23:03:59,0 days 00:30:12
0x856bdead26ff4d1b5ed206663a3233f6fa1c6437,3954812.3800989836,4,"{2: 2, 7: 2}",2024-05-29 22:33:47,2024-05-29 22:46:59,0 days 00:13:12
0x143659c9ede0782e235cdd21f59e3e8a5867e0d9,3968106.0932301283,4,"{2: 2, 7: 2}",2024-05-29 22:33:47,2024-05-29 23:03:59,0 days 00:30:12
0xf80593eebe46df21217c5cf6bf470e81e6d9543a,3852479.1064144075,4,"{2: 2, 7: 2}",2024-05-29 22:33:47,2024-05-29 22:49:35,0 days 00:15:48
0xab76d2511ef438b0702aefbf762e65e49d211263,4011377.44151216,4,"{2: 2, 7: 2}",2024-05-29 22:33:47,2024-05-29 22:47:47,0 days 00:14:00
0xabf66536d234082a421309af38f3a0cc762c08f9,3924688.2153284997,4,"{2: 2, 7: 2}",2024-05-29 22:33:47,2024-05-29 23:03:59,0 days 00:30:12
0xd1e9b88e6f1a5ef64922c2abc6c46770fba2c4fa,3817313.317230515,4,"{2: 2, 7: 2}",2024-05-29 22:33:47,2024-05-29 23:03:59,0 days 00:30:12
0x3458481b9b1e419e2e76a95b7a07747ac5d56e32,2539950.6633250266,2,"{2: 1, 7: 1}",2024-05-29 22:33:47,2024-05-29 22:34:59,0 days 00:01:12
0xb2222c1e2e859ccbb6f6c1243366dd5d056cfba0,2543665.281894669,2,"{2: 1, 7: 1}",2024-05-29 22:33:47,2024-05-29 22:34:47,0 days 00:01:00
0xc5aacf5a5cb5cc28bcc89f256a3d49b4bd03a0af,2508491.3756329715,2,"{2: 1, 7: 1}",2024-05-29 22:33:47,2024-05-29 22:35:11,0 days 00:01:24
0x6d7619beb7139f62faab5741c019233c77d5a534,2578888.1047959626,2,"{2: 1, 7: 1}",2024-05-29 22:33:47,2024-05-29 22:34:35,0 days 00:00:48
0xde74942fa7f1dd2f94f3345a844c3b66821f3898,2479834.958110243,2,"{2: 1, 7: 1}",2024-05-29 22:33:47,2024-05-29 22:35:35,0 days 00:01:48
0xed1fd01d1c5ccef53b1c3d6add17df07d1d8c192,2408081.5311667174,2,"{2: 1, 7: 1}",2024-05-29 22:33:47,2024-05-29 22:36:47,0 days 00:03:00
0x35505b5d816d0781b9e51b0d1297531ffc7ee793,2402532.6180817783,2,"{2: 1, 7: 1}",2024-05-29 22:33:47,2024-05-29 22:36:47,0 days 00:03:00
0x7d93d205eb2fd530f8b45a4ee16ca3d6f03bb719,2408118.771159008,2,"{2: 1, 7: 1}",2024-05-29 22:33:47,2024-05-29 22:36:47,0 days 00:03:00
0x0e215fb836c685b2d40e8a5852c8890d0dc0f0fb,2407209.4896877706,2,"{2: 1, 7: 1}",2024-05-29 22:33:47,2024-05-29 22:36:47,0 days 00:03:00
0xdb982e0f5a350c2dbdd400474b8b7eb6ddd265ec,2415578.2536541075,2,"{2: 1, 7: 1}",2024-05-29 22:33:47,2024-05-29 22:36:47,0 days 00:03:00
0x07cf2df49f989974150ad00796c5c42bc70c151b,2415596.973292291,2,"{2: 1, 7: 1}",2024-05-29 22:33:47,2024-05-29 22:36:47,0 days 00:03:00
0x1725d59d72fd581b83056cbcb29b86804e462783,2414688.039104238,2,"{2: 1, 7: 1}",2024-05-29 22:33:47,2024-05-29 22:36:47,0 days 00:03:00
0x6c59c34ff103c3409fb0c6ffbad29e96cf295435,2421200.218847245,2,"{2: 1, 7: 1}",2024-05-29 22:33:47,2024-05-29 22:36:47,0 days 00:03:00
0x609ae2f33eeb3490e3d0312da8e45f6c136fcb0c,2410086.1936172396,2,"{2: 1, 7: 1}",2024-05-29 22:33:47,2024-05-29 22:36:47,0 days 00:03:00
0x041d7e007b6841b9e6d5e236e78b6c01ab66659a,2411960.5720457137,2,"{2: 1, 7: 1}",2024-05-29 22:33:47,2024-05-29 22:36:47,0 days 00:03:00
0x89f499d0def5a2287c78b4df81e895e4b751fa58,2414762.75118351,2,"{2: 1, 7: 1}",2024-05-29 22:33:47,2024-05-29 22:36:47,0 days 00:03:00
0xbbcb3e1e95692937364725364a766eaed2e102b9,2417564.7839706987,2,"{2: 1, 7: 1}",2024-05-29 22:33:47,2024-05-29 22:36:47,0 days 00:03:00
0x7efcdce940c2da12f57cc340442f877ae162846e,2424077.16129978,2,"{2: 1, 7: 1}",2024-05-29 22:33:47,2024-05-29 22:36:47,0 days 00:03:00
0x11712e2d0da1fc9ee8ba038a484abb3870adba20,2425951.0630696267,2,"{2: 1, 7: 1}",2024-05-29 22:33:47,2024-05-29 22:36:47,0 days 00:03:00
0xf7f496d23a422dd05e5c53f7c35a7a540a4a966b,2423187.2142839283,2,"{2: 1, 7: 1}",2024-05-29 22:33:47,2024-05-29 22:36:47,0 days 00:03:00
0xa84452be92195dcfbdeb5a1c566713a380a662f2,1997533.772452712,2,"{2: 1, 7: 1}",2024-05-29 22:33:47,2024-05-30 05:08:35,0 days 06:34:48
0x0e29a1ae96340752bcb06dca755cbc1e6a0101cb,1999424.6050347835,2,"{2: 1, 7: 1}",2024-05-29 22:33:47,2024-05-30 05:08:35,0 days 06:34:48
0xffa8fb32718b63561c747830341328fd9c7bc8e6,1998495.0394783318,2,"{2: 1, 7: 1}",2024-05-29 22:33:47,2024-05-30 05:08:35,0 days 06:34:48
0x4a4800489cacc14ad746ff0eba9dec72844f85ec,2441818.574398607,2,"{2: 1, 10: 1}",2024-05-29 22:33:47,2024-05-29 22:55:11,0 days 00:21:24
0x6351b8237d83ce32c694e545c57708f557c6006c,2202427.057354182,2,"{2: 1, 10: 1}",2024-05-29 22:33:47,2024-05-29 23:04:59,0 days 00:31:12
0x17dfe336f7c9a6855d89d28a33367483c88a5fdc,2443711.157464415,2,"{2: 1, 10: 1}",2024-05-29 22:33:47,2024-05-29 22:55:11,0 days 00:21:24
0x7c6c631e335a9d4661fc013d34a900e3585a2846,2204324.450832084,2,"{2: 1, 10: 1}",2024-05-29 22:33:47,2024-05-29 23:04:59,0 days 00:31:12
0xba9b15ce30dbfe515614570d182e74a30ed7f961,2115022.0399234444,2,"{2: 1, 10: 1}",2024-05-29 22:33:47,2024-05-29 23:19:35,0 days 00:45:48
0xe8cce76e9c265e4a59ca30fd7fbd180cab496483,2206221.8443099856,2,"{2: 1, 10: 1}",2024-05-29 22:33:47,2024-05-29 23:04:59,0 days 00:31:12
0x3a9b84c472ca29cb30d561c14beaa16ea17e49fb,2116921.2398505807,2,"{2: 1, 10: 1}",2024-05-29 22:33:47,2024-05-29 23:19:35,0 days 00:45:48
0x78b256c933c33399fb0c717d67438cea768cdbf3,2208119.2377878726,2,"{2: 1, 10: 1}",2024-05-29 22:33:47,2024-05-29 23:04:59,0 days 00:31:12
0xb3e6443691eab7937f3ac81e0fe5b80faed0e4ef,2449388.906661853,2,"{2: 1, 10: 1}",2024-05-29 22:33:47,2024-05-29 22:55:11,0 days 00:21:24
0xd4daa837bdf809012413951b1a0a3a46d1c0c233,2210016.6312657744,2,"{2: 1, 10: 1}",2024-05-29 22:33:47,2024-05-29 23:04:59,0 days 00:31:12
0xc0fb1199da2ac90c930f6cf6cdbb6289b4be1387,2120719.639704868,2,"{2: 1, 10: 1}",2024-05-29 22:33:47,2024-05-29 23:19:35,0 days 00:45:48
0x42f3a6f1dd137b6505d2858c00649234482cbbff,2452227.781260565,2,"{2: 1, 10: 1}",2024-05-29 22:33:47,2024-05-29 22:55:11,0 days 00:21:24
0x812130043463a1f5558c805693a9c475eb1a7de0,2122618.8396320194,2,"{2: 1, 10: 1}",2024-05-29 22:33:47,2024-05-29 23:19:35,0 days 00:45:48
0xfa70b3ff50f1fc8dac1cfd9f262e7ad4d910b977,2213811.418221563,2,"{2: 1, 10: 1}",2024-05-29 22:33:47,2024-05-29 23:04:59,0 days 00:31:12
0x14c1373ad2d02cf1f952cb91d1570fd57ac11ecd,2124518.0395591557,2,"{2: 1, 10: 1}",2024-05-29 22:33:47,2024-05-29 23:19:35,0 days 00:45:48
0xcd3bc1ff38a5acdd72a561723f01a7785b37f741,97000000.0,1,{2: 1},2024-05-29 22:33:47,2024-05-29 22:33:47,0 days 00:00:00
0x232b7845f69c1deeff8f7b3964bf909fd4973de6,2080983.1631861478,2,"{2: 1, 7: 1}",2024-05-29 22:33:47,2024-05-29 23:39:23,0 days 01:05:36
0x47d8750325dfde813fd1be5d4c271293cd178504,2084746.5483893454,2,"{2: 1, 7: 1}",2024-05-29 22:33:47,2024-05-29 23:39:23,0 days 01:05:36
0x19ce3f049bb614606e72049a91f4a8a4257def4d,2081945.4182964712,2,"{2: 1, 7: 1}",2024-05-29 22:33:47,2024-05-29 23:39:23,0 days 01:05:36
0xb2fde1c3eab715955a00f6224483e864b67e8a68,2078827.3988432437,2,"{2: 1, 7: 1}",2024-05-29 22:33:47,2024-05-29 23:39:23,0 days 01:05:36
0x8148b3278e8fd7610a35390d943430b662b45a70,2086658.8852904737,2,"{2: 1, 7: 1}",2024-05-29 22:33:47,2024-05-29 23:39:23,0 days 01:05:36
0x34600b27ed6e9fca07e456dbf4f1eed83b79fa10,2086671.1882104576,2,"{2: 1, 7: 1}",2024-05-29 22:33:47,2024-05-29 23:39:23,0 days 01:05:36
0x65e9031aa186f6aec29115ca1382a11341840c64,2387297.8569220304,2,"{2: 1, 7: 1}",2024-05-29 22:33:47,2024-05-29 22:38:23,0 days 00:04:36
0x61374ce70fc1bb7cc56ac2b5eacaf21846afb4a2,2078375.2281234264,2,"{2: 1, 7: 1}",2024-05-29 22:33:47,2024-05-29 23:39:23,0 days 01:05:36
0xa380f5f008c00d0090a8d42d53eb163e8bd4ade6,2082640.0047389716,2,"{2: 1, 7: 1}",2024-05-29 22:33:47,2024-05-29 23:39:23,0 days 01:05:36
0x6707fe36f04e37fe71cb3fa533cd2ebb468bccec,2046019.9035568833,2,"{2: 1, 7: 1}",2024-05-29 22:33:47,2024-05-29 23:57:35,0 days 01:23:48
0x52f51044db0001ec8315ffdb95977b0f57f8bc56,2375790.604205236,2,"{2: 1, 7: 1}",2024-05-29 22:33:47,2024-05-29 22:40:11,0 days 00:06:24
0x91555fc06268911c51a408cf0fa0e1e893843729,2369020.819306488,3,"{2: 1, 7: 2}",2024-05-29 22:33:47,2024-05-29 23:57:35,0 days 01:23:48
0xbe99683ca86ec4ab0a4749e54097e67a20360a32,2046054.4657376409,2,"{2: 1, 7: 1}",2024-05-29 22:33:47,2024-05-29 23:57:35,0 days 01:23:48
0x60ad40aa82ba77e0050673434788a7f235865741,2047943.9592160583,2,"{2: 1, 7: 1}",2024-05-29 22:33:47,2024-05-29 23:57:35,0 days 01:23:48
0x58cbefb3a78015b3ee9059f85d597e88e275df9b,2047016.499870345,2,"{2: 1, 7: 1}",2024-05-29 22:33:47,2024-05-29 23:57:35,0 days 01:23:48
0xc4baced67459b9b3362c697adb2a4050ae74692f,2050783.9072283804,2,"{2: 1, 7: 1}",2024-05-29 22:33:47,2024-05-29 23:57:35,0 days 01:23:48
0x478fafe57926ba2d45aeb88eecc6c11e6f162eb2,2125757.2317330837,2,"{2: 1, 7: 1}",2024-05-29 22:33:47,2024-05-29 23:26:11,0 days 00:52:24
0x08c417b989114c97af15458e2ecbdf56d13b3036,2128580.2251948863,2,"{2: 1, 7: 1}",2024-05-29 22:33:47,2024-05-29 23:26:11,0 days 00:52:24
0x53418b5daf3aa2f6e9ce86ed16df699ed3f00c83,2581098.3847287893,2,"{2: 1, 7: 1}",2024-05-29 22:33:47,2024-05-29 22:34:59,0 days 00:01:12
0xb6ca58ac2b23eb9e97c16ffc3efbb5380f05ec24,2126733.180736825,2,"{2: 1, 7: 1}",2024-05-29 22:33:47,2024-05-29 23:26:11,0 days 00:52:24
0x49ad01485006377520949d5026ef72e0c49868e2,2128619.6074031442,2,"{2: 1, 7: 1}",2024-05-29 22:33:47,2024-05-29 23:26:11,0 days 00:52:24
0xc6e6a7a3f4b5ae64bb31f4cace82182699ab07e2,2131442.6000884622,2,"{2: 1, 7: 1}",2024-05-29 22:33:47,2024-05-29 23:26:11,0 days 00:52:24
0xf44a3dc7018d0b77ed7d6329671fde985e31440c,2385409.705003634,2,"{2: 1, 7: 1}",2024-05-29 22:33:47,2024-05-29 22:40:23,0 days 00:06:36
0x186f5c42095b10a67f4a83fdcd1f6faf720342cf,2586747.6544426978,2,"{2: 1, 7: 1}",2024-05-29 22:33:47,2024-05-29 22:34:59,0 days 00:01:12
0xf3f3a5c3fdebf3cb028a056a2b2201283c1fa18f,2386375.073521048,2,"{2: 1, 7: 1}",2024-05-29 22:33:47,2024-05-29 22:40:23,0 days 00:06:36
0x77ffc5bcc84c706d043eac6a996b48e0be0c0a00,2589561.1837094575,2,"{2: 1, 7: 1}",2024-05-29 22:33:47,2024-05-29 22:34:59,0 days 00:01:12
0x000a607b0c5ea26b3f24e8c78738c56c61235111,2516861.0780371577,2,"{2: 1, 7: 1}",2024-05-29 22:33:59,2024-05-29 22:35:59,0 days 00:02:00
0x0002a1e702b0bfcdf8f9e10f5e1ce99bfeb4a111,2593822.676220365,3,"{2: 1, 7: 2}",2024-05-29 22:33:59,2024-05-29 22:35:59,0 days 00:02:00
0x0001166915b5d94b443e65f7398323a1b8adf111,2518752.9543108493,2,"{2: 1, 7: 1}",2024-05-29 22:33:59,2024-05-29 22:35:59,0 days 00:02:00
0x0007b980c03f153a94ddcd796f548ee216ded111,2611766.849243687,3,"{2: 1, 7: 2}",2024-05-29 22:33:59,2024-05-29 22:35:59,0 days 00:02:00
0x000461a73d3985eef4923655782aa5d0de75c111,2522810.0984192886,3,"{2: 1, 7: 2}",2024-05-29 22:33:59,2024-05-29 22:35:59,0 days 00:02:00
0x000c1fa092591c77c86e3ebd39a4b82f52171111,2521590.768721357,2,"{2: 1, 7: 1}",2024-05-29 22:33:59,2024-05-29 22:35:59,0 days 00:02:00
0x0001de82c696b6b18f0a401de0463ebb3c631111,2540458.6657577744,3,"{2: 1, 7: 2}",2024-05-29 22:33:59,2024-05-29 22:35:59,0 days 00:02:00
0x0000002e05c03f1940141972c7bf14dab3ad6111,2601340.5206676503,3,"{2: 1, 7: 2}",2024-05-29 22:33:59,2024-05-29 22:35:59,0 days 00:02:00
0x00034187c8d0d887821587573586f75624c5e111,2527518.6772228256,3,"{2: 1, 7: 2}",2024-05-29 22:33:59,2024-05-29 22:35:59,0 days 00:02:00
0x000a2e6e9552fdfd57275f882c369894e7957111,2559024.1947268206,3,"{2: 1, 7: 2}",2024-05-29 22:33:59,2024-05-29 22:35:59,0 days 00:02:00
0x00077705952c90b728c6d7dc450beb4429331111,2530335.3675464606,3,"{2: 1, 7: 2}",2024-05-29 22:33:59,2024-05-29 22:35:59,0 days 00:02:00
0x000f5446f20f27bc4826a32ec05235a4215e6111,2561839.736948982,3,"{2: 1, 7: 2}",2024-05-29 22:33:59,2024-05-29 22:35:59,0 days 00:02:00
0x000ae1e2ba3624208300605d7919d6c4803c6111,2528212.335679233,2,"{2: 1, 7: 1}",2024-05-29 22:33:59,2024-05-29 22:35:59,0 days 00:02:00
0x0006d09df7b0e8dce98463b95439475fcec29111,2529158.273816079,2,"{2: 1, 7: 1}",2024-05-29 22:33:59,2024-05-29 22:35:59,0 days 00:02:00
0x000014b76f74463b87ebcd8632a03d577c9b6111,2607033.272190348,3,"{2: 1, 7: 2}",2024-05-29 22:33:59,2024-05-29 22:35:59,0 days 00:02:00
0x05554d636354c0693ae10683a07517fdbc38bc70,97000000.0,1,{2: 1},2024-05-29 22:33:59,2024-05-29 22:33:59,0 days 00:00:00
0xfcaaae0c322be427d4cff22d1f5318c12e262975,2356065.5109965643,3,"{2: 1, 7: 2}",2024-05-29 22:33:59,2024-05-29 22:36:11,0 days 00:02:12
0xec230a7dbc09c9715f2918c36d7f217e178ab4cd,2282977.4221214503,2,"{2: 1, 7: 1}",2024-05-29 22:33:59,2024-05-29 22:36:59,0 days 00:03:00
0x3c86d511803afb9b7478a15527274f9b464bab89,2337056.2733710855,2,"{2: 1, 7: 1}",2024-05-29 22:33:59,2024-05-29 22:35:23,0 days 00:01:24
0xc7ea727095266741e48a949dd14a102d123b4e52,2271764.802304402,2,"{2: 1, 7: 1}",2024-05-29 22:33:59,2024-05-29 22:36:23,0 days 00:02:24
0x7bca08c776a278f49cee431f66ec07013e53709c,2229882.842386365,2,"{2: 1, 7: 1}",2024-05-29 22:33:59,2024-05-29 22:36:59,0 days 00:03:00
0x5638484ba2d2f1d1d35020572b0aa439a9869192,2370556.841950923,2,"{2: 1, 7: 1}",2024-05-29 22:33:59,2024-05-29 22:34:59,0 days 00:01:00
0x2aa460bce4bd548fe402c8797de1db122fbcd7b6,2251534.5016862303,2,"{2: 1, 7: 1}",2024-05-29 22:33:59,2024-05-29 22:36:11,0 days 00:02:12
0x4883d497b43e981cffa0c15c0008e0c9413af57a,2230440.64062652,2,"{2: 1, 7: 1}",2024-05-29 22:33:59,2024-05-29 22:36:23,0 days 00:02:24
0x9cd71850a7f491e5c46b2cddd11c811a17532dc9,2210741.644594848,2,"{2: 1, 7: 1}",2024-05-29 22:33:59,2024-05-29 22:36:47,0 days 00:02:48
0x8004ce0fc1d60da4ebc15c8e0557532f44cdba9b,2307586.367766589,2,"{2: 1, 7: 1}",2024-05-29 22:33:59,2024-05-29 22:34:59,0 days 00:01:00
0xb09847e13de56db6603f575bdbfd5c4fcb2d92fa,2221588.649560556,2,"{2: 1, 12: 1}",2024-05-29 22:33:59,2024-05-29 22:35:59,0 days 00:02:00
0x16d3ec52f18671286a5e3bbe3689c936238003f0,2211533.6912870854,2,"{2: 1, 12: 1}",2024-05-29 22:33:59,2024-05-29 22:35:59,0 days 00:02:00
0x923cef6ac1af39f7de9a9b839c6dbf7a3ddb92db,2305960.761871442,2,"{2: 1, 7: 1}",2024-05-29 22:33:59,2024-05-29 22:34:47,0 days 00:00:48
0x02461e4b454b745f8c4d921636814e3db70805ee,2266038.7584591657,2,"{2: 1, 7: 1}",2024-05-29 22:33:59,2024-05-29 22:34:59,0 days 00:01:00
0xb43aabe5cf609a9ffa102723e4c86d6447d0cdc9,2189757.1982787848,2,"{2: 1, 7: 1}",2024-05-29 22:33:59,2024-05-29 22:35:47,0 days 00:01:48
0x3159b7dbbbc57f006726b4a676e1e0004b23f825,2264992.459608406,2,"{2: 1, 7: 1}",2024-05-29 22:33:59,2024-05-29 22:34:47,0 days 00:00:48
0x13e8d8c27f92f11731b6cfec799e2c7b64b3fbab,2192625.406770572,2,"{2: 1, 7: 1}",2024-05-29 22:33:59,2024-05-29 22:35:23,0 days 00:01:24
0x86cc0a1fb7848a06c13b2a465ac9d83ba311e68c,2244723.6668168753,2,"{2: 1, 7: 1}",2024-05-29 22:33:59,2024-05-29 22:34:47,0 days 00:00:48
0x9445c61f088c231993db160bcffa2edf2eef2b2a,2244453.047385454,2,"{2: 1, 7: 1}",2024-05-29 22:33:59,2024-05-29 22:34:47,0 days 00:00:48
0x755a18621d58d04cbfdb4f1d5fa5920a66301663,2234440.441865638,2,"{2: 1, 7: 1}",2024-05-29 22:33:59,2024-05-29 22:34:47,0 days 00:00:48
0xcc340b25a3ce699d45b6a69322610545759a1e4b,2214824.841875717,2,"{2: 1, 7: 1}",2024-05-29 22:33:59,2024-05-29 22:34:59,0 days 00:01:00
0x6ff5abca853375926b2dee43264458b73a7616c1,2204990.698620945,2,"{2: 1, 7: 1}",2024-05-29 22:33:59,2024-05-29 22:34:47,0 days 00:00:48
0x7b9b058346741e2b2e58478cea7ac3cccd5beeb3,2095125.0668116063,2,"{2: 1, 7: 1}",2024-05-29 22:33:59,2024-05-29 22:36:11,0 days 00:02:12
0x770f53f2e727a838027862e398c239d09e87c116,2185517.138801679,2,"{2: 1, 7: 1}",2024-05-29 22:33:59,2024-05-29 22:34:59,0 days 00:01:00
0x40abd651a49f789d4e8f18924a321bfab57f6676,2180341.850071907,3,"{2: 1, 7: 2}",2024-05-29 22:33:59,2024-05-29 22:34:59,0 days 00:01:00
0xcf9ae3f27f58efd89744a99a4f7e283723d2cc36,2558977.7335612816,3,"{2: 1, 7: 2}",2024-05-29 22:33:59,2024-05-29 22:45:59,0 days 00:12:00
0x53031ef485de13979bbc76fd56e85699adc1593c,2576661.2274002847,3,"{2: 1, 7: 2}",2024-05-29 22:33:59,2024-05-29 22:45:59,0 days 00:12:00
0x0df2cef5ee31b58deae39b5486b438c6d6266777,2576681.235014223,3,"{2: 1, 7: 2}",2024-05-29 22:33:59,2024-05-29 22:45:59,0 days 00:12:00
0x6cdd2717f39e75808eefe90b09065cbaf392d504,5481878.675784513,4,"{2: 2, 7: 2}",2024-05-29 22:33:59,2024-05-29 22:45:59,0 days 00:12:00
0x24eca210afee728eb7e8e35642ed1582ff605a84,5482780.407347888,4,"{2: 2, 7: 2}",2024-05-29 22:33:59,2024-05-29 22:45:59,0 days 00:12:00
0xab4ce2a08cbea809692218dd7841f681b80069a9,97000000.0,1,{3: 1},2024-05-29 22:33:59,2024-05-29 22:33:59,0 days 00:00:00
0x61f6f6680d2dcc792822748167e8478fc7b21b5f,97000000.0,1,{3: 1},2024-05-29 22:33:59,2024-05-29 22:33:59,0 days 00:00:00
0x20f4bc7dfa03b7f4cca90526769a5254cfb8ec43,97000000.0,1,{3: 1},2024-05-29 22:33:59,2024-05-29 22:33:59,0 days 00:00:00
0x2bcc8350f1563b38ea62a8ba7d19bd89d6c77ce1,2134421.0970752537,2,"{3: 1, 10: 1}",2024-05-29 22:33:59,2024-05-29 23:40:11,0 days 01:06:12
0x81e28c1488977751293a6224bb351e42d48c814e,2135371.298560053,2,"{3: 1, 10: 1}",2024-05-29 22:33:59,2024-05-29 23:40:11,0 days 01:06:12
0x7cd3183deef5a64ddf829eb4952b08958a7cbc3f,2136321.5000448674,2,"{3: 1, 10: 1}",2024-05-29 22:33:59,2024-05-29 23:40:11,0 days 01:06:12
0xa9f1061c3c1341afef13cf97b43018b96834b52a,2137271.701529667,2,"{3: 1, 10: 1}",2024-05-29 22:33:59,2024-05-29 23:40:11,0 days 01:06:12
0xc87fd03085491eb74b20b2becf50846ad4762163,2138221.903014466,2,"{3: 1, 10: 1}",2024-05-29 22:33:59,2024-05-29 23:40:11,0 days 01:06:12
0x276f0a32cd77ada9df451a518b12eeb2bf15c78c,97000000.0,1,{3: 1},2024-05-29 22:33:59,2024-05-29 22:33:59,0 days 00:00:00
0xc10afcc234b11359eb0d3e979aac667b1948da2f,97000000.0,1,{3: 1},2024-05-29 22:33:59,2024-05-29 22:33:59,0 days 00:00:00
0xe8c44281c9ee3b5fc1a4a26f180a82c7de52c04b,97000000.0,1,{3: 1},2024-05-29 22:33:59,2024-05-29 22:33:59,0 days 00:00:00
0x56f7993c83c1f24af487a65f26a3508fa13c26af,97000000.0,1,{3: 1},2024-05-29 22:33:59,2024-05-29 22:33:59,0 days 00:00:00
0xd08b7569d4792465b3627fbd2e72f6c1ab39958d,97000000.0,1,{3: 1},2024-05-29 22:33:59,2024-05-29 22:33:59,0 days 00:00:00
0x29a70803e53a565bb0d4e413ae1602d794c6503c,97000000.0,1,{3: 1},2024-05-29 22:33:59,2024-05-29 22:33:59,0 days 00:00:00
0x43a711ddd7efbee79c70ff0e1264c3fe7818c2d3,97000000.0,1,{3: 1},2024-05-29 22:33:59,2024-05-29 22:33:59,0 days 00:00:00
0xfa8fbf874f70d14e3fb5482a973ab1a95c1443c7,97000000.0,1,{3: 1},2024-05-29 22:33:59,2024-05-29 22:33:59,0 days 00:00:00
0x961b0a47a2a14c207ab443f965e49109c01aff40,97000000.0,1,{3: 1},2024-05-29 22:33:59,2024-05-29 22:33:59,0 days 00:00:00
0x8fdf89e446dc07203fe448db59f948c9f5f3a83d,97000000.0,1,{3: 1},2024-05-29 22:33:59,2024-05-29 22:33:59,0 days 00:00:00
0xdbb9c1540fd4b76a1590313fbf22e4b746a8e9ae,97000000.0,1,{3: 1},2024-05-29 22:33:59,2024-05-29 22:33:59,0 days 00:00:00
0xecfca1b6e15156b58de8b69af2b47c125824c844,97000000.0,1,{3: 1},2024-05-29 22:33:59,2024-05-29 22:33:59,0 days 00:00:00
0xab59833cca33397b182d0b5def238571a15fbea9,97000000.0,1,{3: 1},2024-05-29 22:33:59,2024-05-29 22:33:59,0 days 00:00:00
0x97c11b73f158e0e1fd84db5f6ea1f4b9c7000a3f,97000000.0,1,{3: 1},2024-05-29 22:33:59,2024-05-29 22:33:59,0 days 00:00:00
0x9712a9ae739cd901f046a39eb705433f5034fa27,97000000.0,1,{3: 1},2024-05-29 22:33:59,2024-05-29 22:33:59,0 days 00:00:00
0x277639e0c01e3cf5fef2b67d3eeb3b8d6d2382c9,97000000.0,1,{3: 1},2024-05-29 22:33:59,2024-05-29 22:33:59,0 days 00:00:00
0x9c5b0835ebd7e646a975f06d4050753355958949,97000000.0,1,{3: 1},2024-05-29 22:33:59,2024-05-29 22:33:59,0 days 00:00:00
0x61932210c502b28fcaeb22f6abbb34bc276d8ed6,1723926.6462607533,2,"{3: 1, 10: 1}",2024-05-29 22:33:59,2024-08-27 21:28:11,89 days 22:54:12
0x5ea2f0fba21dc0c3400dcc5231fffcd9175c58f0,1724881.169715777,2,"{3: 1, 10: 1}",2024-05-29 22:33:59,2024-08-27 21:28:11,89 days 22:54:12
0x4177e4d1c0b32d62817b53b9a845308e4b534798,1725835.6931708157,2,"{3: 1, 10: 1}",2024-05-29 22:33:59,2024-08-27 21:28:11,89 days 22:54:12
0x51a96f979e3c44d0251d1530ce23b39b614f23e9,1726790.2166258544,2,"{3: 1, 10: 1}",2024-05-29 22:33:59,2024-08-27 21:28:11,89 days 22:54:12
0x6c134754f4132b622bc2fc3cccc513e1bdb28c4d,97000000.0,1,{3: 1},2024-05-29 22:33:59,2024-05-29 22:33:59,0 days 00:00:00
0x837feb64c896659f9249e2195b033b395c200798,97000000.0,1,{3: 1},2024-05-29 22:33:59,2024-05-29 22:33:59,0 days 00:00:00
0xf2de50fb34f34a331a1f0cd904924aecc9bf43a6,97000000.0,1,{3: 1},2024-05-29 22:33:59,2024-05-29 22:33:59,0 days 00:00:00
0xf5bca1a00d85588e75ded6537f51e1849b523e38,97000000.0,1,{3: 1},2024-05-29 22:33:59,2024-05-29 22:33:59,0 days 00:00:00
0x7e46d607955b06c8c2a17f7161f54fa3cf6d543d,97000000.0,1,{3: 1},2024-05-29 22:33:59,2024-05-29 22:33:59,0 days 00:00:00
0x1bc539e8e8b4bdcb2830f7d454c4e621b6397d3c,97000000.0,1,{3: 1},2024-05-29 22:33:59,2024-05-29 22:33:59,0 days 00:00:00
0x0cf7d05dc5912bd39a9f6e67fc5b63c322b30a14,97000000.0,1,{3: 1},2024-05-29 22:33:59,2024-05-29 22:33:59,0 days 00:00:00
0xc584246719ce5cdd864a545238feff6670ad8aac,97000000.0,1,{3: 1},2024-05-29 22:33:59,2024-05-29 22:33:59,0 days 00:00:00
0xcbedf044c39cafadeb9ec282f08299f183a40a41,97000000.0,1,{3: 1},2024-05-29 22:33:59,2024-05-29 22:33:59,0 days 00:00:00
0x3e1513073bd3ca738bc0d8b795c69de1665c2e20,97000000.0,1,{3: 1},2024-05-29 22:33:59,2024-05-29 22:33:59,0 days 00:00:00
0xd98b3bc6ae35f0cc6bbe84be6155a7a50d4a5489,97000000.0,1,{3: 1},2024-05-29 22:33:59,2024-05-29 22:33:59,0 days 00:00:00
0x9b5cd82f64203d174c0ec3dbec22d6ea9f62d423,97000000.0,1,{3: 1},2024-05-29 22:33:59,2024-05-29 22:33:59,0 days 00:00:00
0x2b6d280eaa0b52021b1ab997589f341673d34413,2282982.011482388,2,"{3: 1, 10: 1}",2024-05-29 22:33:59,2024-05-29 22:40:35,0 days 00:06:36
0x68089da7d51a38676eb74bad14b052c0d48a5099,2283748.7023986876,2,"{3: 1, 10: 1}",2024-05-29 22:33:59,2024-05-29 22:40:35,0 days 00:06:36
0xf0ae5456330a87f177e7f37389a10e434f460eb3,2486066.3931702226,2,"{3: 1, 10: 1}",2024-05-29 22:33:59,2024-05-29 22:36:59,0 days 00:03:00
0x416205d2374549d849cb9f6a1b6a3fd8ba081e01,2486831.2664491683,2,"{3: 1, 10: 1}",2024-05-29 22:33:59,2024-05-29 22:37:11,0 days 00:03:12
0x42f8fa360395f17b4d277a810cd24827af6b6ad5,2186629.4599093795,2,"{3: 1, 10: 1}",2024-05-29 22:33:59,2024-05-29 22:43:47,0 days 00:09:48
0x9bccbe5b39a1729289c4c09c48efbdc162399522,1561884.4352141023,2,"{3: 1, 10: 1}",2024-05-29 22:33:59,2024-08-27 21:29:35,89 days 22:55:36
0x5ac0b18ea34fea316f1d22577fc06e515a779c3e,87300000.0,1,{3: 1},2024-05-29 22:33:59,2024-05-29 22:33:59,0 days 00:00:00
0xc6bd4158129861b2a1b763ee07a7d84e0d30978b,2221617.2619431615,2,"{3: 1, 10: 1}",2024-05-29 22:33:59,2024-05-29 22:40:59,0 days 00:07:00
0x0042d6a66560fc330016e3e0ac8650f61836dafd,2222384.554688737,2,"{3: 1, 10: 1}",2024-05-29 22:33:59,2024-05-29 22:40:59,0 days 00:07:00
0x98ef5fb0ae5d67201681def8c5113602b822e6f0,2223151.847434327,2,"{3: 1, 10: 1}",2024-05-29 22:33:59,2024-05-29 22:40:59,0 days 00:07:00
0xc41a639dcf92dffa7f724cf7d16281b0ab1f3ab9,2096315.6544397324,2,"{3: 1, 10: 1}",2024-05-29 22:33:59,2024-05-29 22:56:35,0 days 00:22:36
0x968803ab4194bbb0b06a8f3aa206e70ef5eac6d7,2097084.0980285108,2,"{3: 1, 10: 1}",2024-05-29 22:33:59,2024-05-29 22:56:35,0 days 00:22:36
0x145e9873f093b3b2d2e5c03a2b04b673e0985f48,2097852.541617289,2,"{3: 1, 10: 1}",2024-05-29 22:33:59,2024-05-29 22:56:35,0 days 00:22:36
0x80efea5028d6c782ce029ce292b8da6dfdb6bb59,2098620.9852060676,2,"{3: 1, 10: 1}",2024-05-29 22:33:59,2024-05-29 22:56:35,0 days 00:22:36
0xdbeb0a116eb8df6f2f418dfac7f6aedef03fdd06,2099389.428794861,2,"{3: 1, 10: 1}",2024-05-29 22:33:59,2024-05-29 22:56:35,0 days 00:22:36
0x4cf6a0cef809f1f5eef4162d7c8f2117708e365f,87300000.0,1,{3: 1},2024-05-29 22:33:59,2024-05-29 22:33:59,0 days 00:00:00
0x8ecb303d99aabce2f90f14342f86c19c873ef74b,1577649.7309689075,2,"{3: 1, 10: 1}",2024-05-29 22:33:59,2024-08-27 21:28:47,89 days 22:54:48
0x6fd317808783543e1e8d5522966f9fc2bd286cbf,1578422.8941927701,2,"{3: 1, 10: 1}",2024-05-29 22:33:59,2024-08-27 21:28:47,89 days 22:54:48
0x17085202dc682fdcfa66114e9bd945a05f72c24f,1579196.0574166328,2,"{3: 1, 10: 1}",2024-05-29 22:33:59,2024-08-27 21:28:47,89 days 22:54:48
0xec4e63494d97090b0603286200306ca729ffa373,1579969.2206404954,2,"{3: 1, 10: 1}",2024-05-29 22:33:59,2024-08-27 21:28:47,89 days 22:54:48
0x3078dceb9923c6cd93a26e3f88c9dbe7646c17b9,1580742.3838643432,2,"{3: 1, 10: 1}",2024-05-29 22:33:59,2024-08-27 21:28:47,89 days 22:54:48
0xece0a062439f942f93df21c5630d44a9286fa05c,2187827.822214678,2,"{3: 1, 10: 1}",2024-05-29 22:33:59,2024-05-29 22:45:35,0 days 00:11:36
0xad76297ce41f9cb675a6b051f43c1404c71d2565,2188595.516625643,2,"{3: 1, 10: 1}",2024-05-29 22:33:59,2024-05-29 22:45:35,0 days 00:11:36
0xda840fe2369baf37c1aa87ad58b686d651a93e3e,2189363.2110366076,2,"{3: 1, 10: 1}",2024-05-29 22:33:59,2024-05-29 22:45:35,0 days 00:11:36
0x541ca077e6f7222df07634d6a429b05a7d0ae520,2190130.9054475725,2,"{3: 1, 10: 1}",2024-05-29 22:33:59,2024-05-29 22:45:35,0 days 00:11:36
0x8e7d7367ac91ae626bbf584ab7d450589efc5a3a,2190898.5998585373,2,"{3: 1, 10: 1}",2024-05-29 22:33:59,2024-05-29 22:45:35,0 days 00:11:36
0xb8369417066fd7e61d0219402c16d416e33cc64a,2191666.294269502,2,"{3: 1, 10: 1}",2024-05-29 22:33:59,2024-05-29 22:45:11,0 days 00:11:12
0x2b399ae50c89ee610088717f6e22639b87d79309,2192433.988680452,2,"{3: 1, 10: 1}",2024-05-29 22:33:59,2024-05-29 22:45:11,0 days 00:11:12
0xbd8a5e42d4af07df1ff46ef269c45f40942d6a56,2193201.683091417,2,"{3: 1, 10: 1}",2024-05-29 22:33:59,2024-05-29 22:45:11,0 days 00:11:12
0x774e3f79fe0da23192ba0d58b26b9baad14398ca,2193969.377502382,2,"{3: 1, 10: 1}",2024-05-29 22:33:59,2024-05-29 22:45:11,0 days 00:11:12
0x56c1de63a188f1c4588819cb33e5ce8f229d3ddc,2194737.0719133466,2,"{3: 1, 10: 1}",2024-05-29 22:33:59,2024-05-29 22:45:11,0 days 00:11:12
0x1fa0eb1d382b4146bb1bee75482fc9ebb59c13f7,87300000.0,1,{3: 1},2024-05-29 22:33:59,2024-05-29 22:33:59,0 days 00:00:00
0x6c7ebd3ff35311a1f4f36f587502a626c2da4d2f,1582761.6101853698,2,"{3: 1, 10: 1}",2024-05-29 22:33:59,2024-08-27 21:29:23,89 days 22:55:24
0xb1c230c40883d6f7106468ea7c733d4887fc7fea,87300000.0,1,{3: 1},2024-05-29 22:33:59,2024-05-29 22:33:59,0 days 00:00:00
0x9d9749f86d54c1f8279231e92a1bb780f6d6df78,1584308.067590654,2,"{3: 1, 10: 1}",2024-05-29 22:33:59,2024-08-27 21:29:23,89 days 22:55:24
0x2af7699255c21668848cf92f6399e88576aa733d,87300000.0,1,{3: 1},2024-05-29 22:33:59,2024-05-29 22:33:59,0 days 00:00:00
0xffdaaef63790d3aa790524c76b3f51dd99df8fda,1585854.524995923,2,"{3: 1, 10: 1}",2024-05-29 22:33:59,2024-08-27 21:29:23,89 days 22:55:24
0x6b69ae5d3cb76641c1e04d14c5cfc6b589c8e8d3,87300000.0,1,{3: 1},2024-05-29 22:33:59,2024-05-29 22:33:59,0 days 00:00:00
0xec80717b446049dab4417ae481431787a524b047,87300000.0,1,{3: 1},2024-05-29 22:33:59,2024-05-29 22:33:59,0 days 00:00:00
0xc14caa8772375ba5cb75ac75e87c1297cad0b3ca,87300000.0,1,{3: 1},2024-05-29 22:33:59,2024-05-29 22:33:59,0 days 00:00:00
0x9ee7511b565a253be388ab130a48b5653a501e70,87300000.0,1,{3: 1},2024-05-29 22:33:59,2024-05-29 22:33:59,0 days 00:00:00
0xb6ca564dab46827a1ea4eece526760070d6785ef,1589720.6685091257,2,"{3: 1, 10: 1}",2024-05-29 22:33:59,2024-08-27 21:29:23,89 days 22:55:24
0x1fd230423888473d1bd2047d0d330f785228cfcd,1590493.8972117603,2,"{3: 1, 10: 1}",2024-05-29 22:33:59,2024-08-27 21:29:23,89 days 22:55:24
0xe5578a5173fb82d0ba31b289bcc7fe0f5c583cf6,87300000.0,1,{3: 1},2024-05-29 22:33:59,2024-05-29 22:33:59,0 days 00:00:00
0xd9b7f293f298f2702d71d241cc5ba46e9ba2ff5b,87300000.0,1,{3: 1},2024-05-29 22:33:59,2024-05-29 22:33:59,0 days 00:00:00
0x25230583865aa2b372359944f4b78bbca2cc0787,87300000.0,1,{3: 1},2024-05-29 22:33:59,2024-05-29 22:33:59,0 days 00:00:00
0x1efabc36470601b521d17dc7079f43e4a2f30e70,87300000.0,1,{3: 1},2024-05-29 22:33:59,2024-05-29 22:33:59,0 days 00:00:00
0xbdcc4a74f1066e11a27f0367fffebdc96be38077,87300000.0,1,{3: 1},2024-05-29 22:33:59,2024-05-29 22:33:59,0 days 00:00:00
0x3b538b08de0cf44ed057371a7e75e7eb8e7f9ae3,87300000.0,1,{3: 1},2024-05-29 22:33:59,2024-05-29 22:33:59,0 days 00:00:00
0x6b7d6508693f44738a67fb424b50c774e1946561,87300000.0,1,{3: 1},2024-05-29 22:33:59,2024-05-29 22:33:59,0 days 00:00:00
0x0d5958f7a90dee9315b1acd57825b6592cda699a,977147.3684192896,2,"{4: 1, 10: 1}",2024-05-29 22:34:11,2024-05-29 23:19:35,0 days 00:45:24
0xc1950c51d59a896da027fb4698f58e6d5ce7cbc7,2603729.764279619,2,"{2: 1, 7: 1}",2024-05-29 22:34:11,2024-05-29 22:36:35,0 days 00:02:24
0x42acc0fd795a7d1ef1cacecb0df6c82fcd0eef18,2667663.384377897,2,"{2: 1, 7: 1}",2024-05-29 22:34:11,2024-05-29 22:35:35,0 days 00:01:24
0x6d0c7c4ce2ce9bb36f4734e71d063effdb7cdc8b,2628592.5292515606,2,"{2: 1, 7: 1}",2024-05-29 22:34:11,2024-05-29 22:36:23,0 days 00:02:12
0x78bad10f8bc8a3c0d65a3dc6324205fd44dfcb8e,2728071.0246605426,2,"{2: 1, 7: 1}",2024-05-29 22:34:11,2024-05-29 22:34:59,0 days 00:00:48
0xecd3187fa040e6d88dd39fc4ee828e0d5c249179,2642766.1523896456,2,"{2: 1, 7: 1}",2024-05-29 22:34:11,2024-05-29 22:35:59,0 days 00:01:48
0x1234567fe5adc6dfad0ea285df5b98ee8fa7355c,2510589.919936821,2,"{5: 1, 10: 1}",2024-05-29 22:34:11,2024-05-29 22:39:59,0 days 00:05:48
0x234567b2be7b281205e577c15fe5022eea2d5725,2505697.6678368044,3,"{5: 1, 10: 2}",2024-05-29 22:34:11,2024-05-29 22:40:59,0 days 00:06:48
0x3456788a82bbed039eb891586dd053ec6150ebf8,2502577.9776982004,3,"{5: 1, 10: 2}",2024-05-29 22:34:11,2024-05-29 22:40:59,0 days 00:06:48
0x45678944da950a8a53fb474c459540314f98fa99,2498015.5544632375,2,"{5: 1, 10: 1}",2024-05-29 22:34:11,2024-05-29 22:40:59,0 days 00:06:48
0x56789162c3eb22ec63e43862ef918e22e3fde3dc,2498956.380512342,2,"{5: 1, 10: 1}",2024-05-29 22:34:11,2024-05-29 22:40:59,0 days 00:06:48
0x07c955e07c35459fb2f1b6fb972659b282a00ecd,2499897.206561461,2,"{5: 1, 10: 1}",2024-05-29 22:34:11,2024-05-29 22:40:59,0 days 00:06:48
0xa1a025301d313248d31b490d8d591eec81121284,2500838.0326105654,2,"{5: 1, 10: 1}",2024-05-29 22:34:11,2024-05-29 22:40:59,0 days 00:06:48
0xef39e4d70e28b579b4715c8aa1261df608dbac50,2501778.8586596698,2,"{5: 1, 10: 1}",2024-05-29 22:34:11,2024-05-29 22:40:59,0 days 00:06:48
0xace423978fc408017f4cbb4c6793add0be8c0e61,2502719.684708789,2,"{5: 1, 10: 1}",2024-05-29 22:34:11,2024-05-29 22:40:59,0 days 00:06:48
0x3ef1e97803102e88add539c48eb5609867fde593,2503660.5107578933,2,"{5: 1, 10: 1}",2024-05-29 22:34:11,2024-05-29 22:40:59,0 days 00:06:48
0xb0e4ee99d28fd60772c8a90627edd77829cb9b58,2504601.3368070126,2,"{5: 1, 10: 1}",2024-05-29 22:34:11,2024-05-29 22:40:59,0 days 00:06:48
0xd86c2577bca1addaf2bb19efa5279a435cb965c4,2505542.162856117,2,"{5: 1, 10: 1}",2024-05-29 22:34:11,2024-05-29 22:40:59,0 days 00:06:48
0x254019cb2b2f466d4c2fd9dd445ed36535c0d3c0,2506482.988905236,2,"{5: 1, 10: 1}",2024-05-29 22:34:11,2024-05-29 22:40:59,0 days 00:06:48
0x75c9630e780159f370095f03df751eed53cfccf0,2507423.8149543405,2,"{5: 1, 10: 1}",2024-05-29 22:34:11,2024-05-29 22:40:59,0 days 00:06:48
0xb3f9dd4ea99bfe636198e8bdd8330e9f6ec1904a,2508364.641003445,2,"{5: 1, 10: 1}",2024-05-29 22:34:11,2024-05-29 22:40:59,0 days 00:06:48
0x71cc0e32b2abd066558deba0e47bee9bd8f5ada7,2509305.467052564,2,"{5: 1, 10: 1}",2024-05-29 22:34:11,2024-05-29 22:40:59,0 days 00:06:48
0x4e81fb2b4a7c5fc279fc2086b3322bb3dc3c12b6,2510246.2931016684,2,"{5: 1, 10: 1}",2024-05-29 22:34:11,2024-05-29 22:40:59,0 days 00:06:48
0xa4dc741354e48da1ffd33382f821a76e4c524f8e,2511187.1191507727,2,"{5: 1, 10: 1}",2024-05-29 22:34:11,2024-05-29 22:40:59,0 days 00:06:48
0x2f8e67afef92442f6783501ad220c17cfc1af8b4,2512127.945199892,2,"{5: 1, 10: 1}",2024-05-29 22:34:11,2024-05-29 22:40:59,0 days 00:06:48
0x58bf14b8e9aedd33f8dcd0eb7242d754dd832e4b,2513068.7712489963,2,"{5: 1, 10: 1}",2024-05-29 22:34:11,2024-05-29 22:40:59,0 days 00:06:48
0x5555f5a5096f9e26b1a9e001b87496e2fe8f33ad,2757269.754866436,2,"{2: 1, 7: 1}",2024-05-29 22:34:11,2024-05-29 22:34:47,0 days 00:00:36
0x55552f97ad55474f3095e893db2c610ca55e5b96,2619907.584848702,2,"{2: 1, 7: 1}",2024-05-29 22:34:11,2024-05-29 22:36:47,0 days 00:02:36
0x777774b1a7b236cdefe637200bd5d94918c0d1a4,2671916.271796599,2,"{2: 1, 7: 1}",2024-05-29 22:34:11,2024-05-29 22:35:47,0 days 00:01:36
0x55558764731a3127b9f334eac78d74d49f894dcb,2622723.9335877597,2,"{2: 1, 7: 1}",2024-05-29 22:34:11,2024-05-29 22:36:47,0 days 00:02:36
0x55555e3fde2841002cc1c91203a1f54df11dbed7,2721196.616411224,2,"{2: 1, 7: 1}",2024-05-29 22:34:11,2024-05-29 22:35:11,0 days 00:01:00
0x0ed77d94d94f2e41deafc6c7ca5da5f898414f55,2761075.1177501827,2,"{2: 1, 7: 1}",2024-05-29 22:34:11,2024-05-29 22:34:47,0 days 00:00:36
0x77777639f22bb93b6dca1345ff659f6f8ccd6958,2761100.564169273,2,"{2: 1, 7: 1}",2024-05-29 22:34:11,2024-05-29 22:34:47,0 days 00:00:36
0x74fa2d6e434c8fd5869a9361f5a1fff0199e8e83,2764804.144358009,2,"{2: 1, 7: 1}",2024-05-29 22:34:11,2024-05-29 22:34:47,0 days 00:00:36
0x55550c03b0c9b87002c4351e1958cc588578a5fa,2656932.691158548,2,"{2: 1, 7: 1}",2024-05-29 22:34:11,2024-05-29 22:36:11,0 days 00:02:00
0x555565d92153226d3bdf6adb1a9b5cab77a16dca,2726844.1570762843,2,"{2: 1, 7: 1}",2024-05-29 22:34:11,2024-05-29 22:35:11,0 days 00:01:00
0x555522400e9a0db505f0ad8e27f013dffc86acbb,2536769.3794385344,2,"{2: 1, 7: 1}",2024-05-29 22:34:11,2024-05-29 22:40:47,0 days 00:06:36
0x7777776a7d6c96dc3977692d9dbb1b188f478fa1,2681350.9937149435,2,"{2: 1, 7: 1}",2024-05-29 22:34:11,2024-05-29 22:35:47,0 days 00:01:36
0x9764b972cbc1e102edb8a74c0e52288ea7dfd448,2770448.391590163,2,"{2: 1, 7: 1}",2024-05-29 22:34:11,2024-05-29 22:34:47,0 days 00:00:36
0x555554b1ffb320bad74180e399b479617e27d1ff,2662585.564426154,2,"{2: 1, 7: 1}",2024-05-29 22:34:11,2024-05-29 22:36:11,0 days 00:02:00
0x777775f7c4acec565375194b31098d463135a054,2729729.8710756153,2,"{2: 1, 7: 1}",2024-05-29 22:34:11,2024-05-29 22:35:11,0 days 00:01:00
0x4f73443e497d66a82793eb7b8d8c3836c62d70b8,2673054.3871772587,2,"{2: 1, 7: 1}",2024-05-29 22:34:11,2024-05-29 22:35:59,0 days 00:01:48
0x193e75b60a4ca8bc842dc28604afc6c41afe972a,2617466.678844422,2,"{2: 1, 7: 1}",2024-05-29 22:34:11,2024-05-29 22:36:59,0 days 00:02:48
0x00642820ce8b8b6d4f650697a18ce169680717cf,2676790.6190246344,2,"{2: 1, 7: 1}",2024-05-29 22:34:11,2024-05-29 22:35:59,0 days 00:01:48
0x3cbee8e831e02f7f4c86a411c5be32b0ca55a418,2618435.9090032727,2,"{2: 1, 7: 1}",2024-05-29 22:34:11,2024-05-29 22:36:59,0 days 00:02:48
0x0dd692f37c21fbaef782cbc9fb7fd1ede6a50937,2641658.431680739,2,"{2: 1, 7: 1}",2024-05-29 22:34:11,2024-05-29 22:36:35,0 days 00:02:24
0x47c03ef00ccb55220ac8bb032acf4dc4c83b9f44,2678706.3759970814,2,"{2: 1, 7: 1}",2024-05-29 22:34:11,2024-05-29 22:35:59,0 days 00:01:48
0x81fa4603d7b9d687fbea0eec0c7ce35f2ea038b5,2665509.7841442376,2,"{2: 1, 7: 1}",2024-05-29 22:34:11,2024-05-29 22:36:11,0 days 00:02:00
0xd49433745ca221106e48f788f80904cc58554b92,2621298.2891093493,2,"{2: 1, 7: 1}",2024-05-29 22:34:11,2024-05-29 22:36:59,0 days 00:02:48
0xdda66ad0ff2986686c35197cf8273f8c9245f536,2643597.456554055,2,"{2: 1, 7: 1}",2024-05-29 22:34:11,2024-05-29 22:36:35,0 days 00:02:24
0xd13552538def5cecc78a20aa2236573f0bee6443,2645466.92798537,2,"{2: 1, 7: 1}",2024-05-29 22:34:11,2024-05-29 22:36:35,0 days 00:02:24
0x04a39af7cb0349c76b56dade3205a228044ee431,2193828.703646302,2,"{3: 1, 10: 1}",2024-05-29 22:34:11,2024-05-30 23:38:23,1 days 01:04:12
0xb5b69cd37a3c31f8dd05dfe55ae873bfac74e17a,2194779.5800653696,2,"{3: 1, 10: 1}",2024-05-29 22:34:11,2024-05-30 23:38:11,1 days 01:04:00
0xeb21d91ba95827c1ff9f40c17e23123939708613,2195730.456484437,2,"{3: 1, 10: 1}",2024-05-29 22:34:11,2024-05-30 23:38:11,1 days 01:04:00
0x673529d426f32a9229d46c9ac50983a05f146c99,2196681.3329035044,2,"{3: 1, 10: 1}",2024-05-29 22:34:11,2024-05-30 23:38:11,1 days 01:04:00
0x0a1bf921010fa5354ab27d3ee0b2e845df2efa51,2197632.2093225718,2,"{3: 1, 10: 1}",2024-05-29 22:34:11,2024-05-30 23:38:11,1 days 01:04:00
0x7d6b0d7da35c8c4fc59d9dd1e835f626a0a81957,2198583.085741639,2,"{3: 1, 10: 1}",2024-05-29 22:34:11,2024-05-30 23:38:11,1 days 01:04:00
0x3fd4704c4ba87354d05a598e5db4b955a8075cb8,2199533.9621606916,2,"{3: 1, 10: 1}",2024-05-29 22:34:11,2024-05-30 23:38:11,1 days 01:04:00
0xbb3b4adb3b03f83ab917b90ce880ef12ff7689ca,2200484.838579759,2,"{3: 1, 10: 1}",2024-05-29 22:34:11,2024-05-30 23:38:11,1 days 01:04:00
0xa0c87689708aef57e4dc411eadb871a886e3c23e,97000000.0,1,{2: 1},2024-05-29 22:34:11,2024-05-29 22:34:11,0 days 00:00:00
0x19f26ea64647b0e2bc99eec127c035fdd31c5433,97000000.0,1,{2: 1},2024-05-29 22:34:11,2024-05-29 22:34:11,0 days 00:00:00
0x59423e089f6770a09d1869b4544e8993f250d1f2,97000000.0,1,{2: 1},2024-05-29 22:34:11,2024-05-29 22:34:11,0 days 00:00:00
0x771a3fb75f466ba38e2e656e671d95024e987daf,97000000.0,1,{2: 1},2024-05-29 22:34:11,2024-05-29 22:34:11,0 days 00:00:00
0xabcd2ef7ffa1aec86ec0f2b47999b702ca40fb07,97000000.0,1,{2: 1},2024-05-29 22:34:11,2024-05-29 22:34:11,0 days 00:00:00
0xa325741c9e6360f70cdf28ca5a2586d01cfdcf10,97000000.0,1,{2: 1},2024-05-29 22:34:11,2024-05-29 22:34:11,0 days 00:00:00
0xd9b8c0bd1ff0adfbbccb3d2bd1b93cea433996d6,97000000.0,1,{2: 1},2024-05-29 22:34:11,2024-05-29 22:34:11,0 days 00:00:00
0xf93557696bd04f7a0c92501fdd02e1c9a0f42496,97000000.0,1,{2: 1},2024-05-29 22:34:11,2024-05-29 22:34:11,0 days 00:00:00
0x62f430f8ab6d79e441f59960034209ce2f8b3c81,2439858.833597198,2,"{2: 1, 7: 1}",2024-05-29 22:34:11,2024-05-29 22:55:59,0 days 00:21:48
0xd847e2e2bfad85e073fecd97a6bcd8b9e46e89d8,2441737.0036970377,2,"{2: 1, 7: 1}",2024-05-29 22:34:11,2024-05-29 22:55:59,0 days 00:21:48
0xb4eab9a0c05b6a15918ae1b9690de3cb45df08f1,2437108.9247496575,2,"{2: 1, 7: 1}",2024-05-29 22:34:11,2024-05-29 22:55:59,0 days 00:21:48
0x80ba9b0cf30e27dd2b0d037c4648f07bb197d742,2833894.8505125195,2,"{2: 1, 7: 1}",2024-05-29 22:34:11,2024-05-29 22:34:35,0 days 00:00:24
0x2551d9aa47acd6dbee342920860de9b01f0730c8,2446441.837197423,2,"{2: 1, 7: 1}",2024-05-29 22:34:11,2024-05-29 22:55:59,0 days 00:21:48
0x91fbd577ac3cf2d3f29903d0453b9b8f3d8c7f03,2446461.2086346447,2,"{2: 1, 7: 1}",2024-05-29 22:34:11,2024-05-29 22:55:59,0 days 00:21:48
0xaf922993e674f2dda990d8d8c9ab75e464fdfe1c,2442762.951722026,2,"{2: 1, 7: 1}",2024-05-29 22:34:11,2024-05-29 22:55:59,0 days 00:21:48
0x32199ae96d481f6a71c0afde14e445c6677824d3,2442782.2519786656,2,"{2: 1, 7: 1}",2024-05-29 22:34:11,2024-05-29 22:55:59,0 days 00:21:48
0xdd5c35abbfea2c05aaf7c5fd574070e4ec5ef4c5,2446519.2144729644,2,"{2: 1, 7: 1}",2024-05-29 22:34:11,2024-05-29 22:55:59,0 days 00:21:48
0x7d3ed121cad81a3e56427f4d69fc364ac52510f0,2446538.58819291,2,"{2: 1, 7: 1}",2024-05-29 22:34:11,2024-05-29 22:55:59,0 days 00:21:48
0xf1dfe5db0f757e6af9be2cc2e31725369e0088d5,97000000.0,1,{2: 1},2024-05-29 22:34:11,2024-05-29 22:34:11,0 days 00:00:00
0x4b326f74fac3a32bc84245ef8c978c28e338afaa,96892155.59606615,1,{2: 1},2024-05-29 22:34:11,2024-05-29 22:34:11,0 days 00:00:00
0xdf435aa871532a237772b619a03e2ca8b9162193,95703162.52715194,1,{2: 1},2024-05-29 22:34:11,2024-05-29 22:34:11,0 days 00:00:00
0xd93d10900f53a4f445a88d62efff803edfe20980,94535932.42542864,1,{2: 1},2024-05-29 22:34:11,2024-05-29 22:34:11,0 days 00:00:00
0x4b0c73f1d8f5a1a513260878a1a33368b232c12a,93389937.25941604,1,{2: 1},2024-05-29 22:34:11,2024-05-29 22:34:11,0 days 00:00:00
0x8677f0ed5327f3841739c5f8022c60201ed99316,92264664.91782223,1,{2: 1},2024-05-29 22:34:11,2024-05-29 22:34:11,0 days 00:00:00
0x0df1f6a32dbbcd8ab8920a81fcdd7f80d9a1f819,91159618.63694718,1,{2: 1},2024-05-29 22:34:11,2024-05-29 22:34:11,0 days 00:00:00
0x1538477d29fd61decfe0388603e987a611611b20,90074316.45197181,1,{2: 1},2024-05-29 22:34:11,2024-05-29 22:34:11,0 days 00:00:00
0x270f4ceead65439c717fdcab0b7d0be6aff90589,89008290.67100005,1,{2: 1},2024-05-29 22:34:11,2024-05-29 22:34:11,0 days 00:00:00
0xd39d2a7ca44d1b6f10e1ad7c4f0936dd9c3c8863,15105067.686080407,1,{4: 1},2024-05-29 22:34:11,2024-05-29 22:34:11,0 days 00:00:00
0x6fa1974371a909f7daf04f394ea5c9781abe18f0,2370138.1754994243,3,"{4: 2, 10: 1}",2024-05-29 22:34:11,2024-05-29 23:47:11,0 days 01:13:00
0x7673e87a4aec2dbf5775920b1d5e752007eba87d,10294335.591694176,3,"{4: 2, 10: 1}",2024-05-29 22:34:11,2024-05-29 23:47:11,0 days 01:13:00
0x17f8f281f3718d4a578842c9f1208ada826e90aa,375588832.88889086,4,{2: 4},2024-05-29 22:34:11,2024-05-29 22:38:23,0 days 00:04:12
0xfa6cfea1aa02b7418961c06fd8a8522fd55a9960,2066769.048474595,2,"{2: 1, 7: 1}",2024-05-29 22:34:11,2024-05-29 23:39:23,0 days 01:05:12
0x3b72fe31f84fc3b508bcac719afc962e6f234c68,2040532.0038708001,2,"{2: 1, 7: 1}",2024-05-29 22:34:11,2024-05-29 23:39:23,0 days 01:05:12
0x5b0a6040584fb82114f653575bf1fb155ed4af86,2014219.8415161818,2,"{2: 1, 7: 1}",2024-05-29 22:34:11,2024-05-29 23:39:23,0 days 01:05:12
0x430649802221445131799bf61b2ebd0cdb6fbb7e,1999006.4167072326,2,"{2: 1, 7: 1}",2024-05-29 22:34:11,2024-05-29 23:39:23,0 days 01:05:12
0xd9f327fc2cf39c1433e53dade2afd7893e99e312,1969181.241878152,2,"{2: 1, 7: 1}",2024-05-29 22:34:11,2024-05-29 23:39:23,0 days 01:05:12
0xae08ead429518c307c70e80d90b3b63ce7918ca6,1950966.876067832,2,"{2: 1, 7: 1}",2024-05-29 22:34:11,2024-05-29 23:39:23,0 days 01:05:12
0xb8400987e8069d96410f7df9a96e33b31f78cf02,1939017.5308573097,2,"{2: 1, 7: 1}",2024-05-29 22:34:11,2024-05-29 23:39:23,0 days 01:05:12
0x410a587956c6da5dfb31c6a9a4c394e80723ac13,1908061.4970787317,2,"{2: 1, 7: 1}",2024-05-29 22:34:11,2024-05-29 23:39:23,0 days 01:05:12
0xc1b15d024ae0ee67558f017d163966ad2720241c,1886068.7260323614,2,"{2: 1, 7: 1}",2024-05-29 22:34:11,2024-05-29 23:39:23,0 days 01:05:12
0x83d8ed6621ca3caef05154d3871cd47a4542893e,1870564.1004080921,2,"{2: 1, 7: 1}",2024-05-29 22:34:11,2024-05-29 23:39:23,0 days 01:05:12
0xb2086e151e1ae739e72128f4277ccca9123bc5ed,1852457.1423392594,2,"{2: 1, 7: 1}",2024-05-29 22:34:11,2024-05-29 23:39:23,0 days 01:05:12
0x6f88c4d6603daf626b97739cfa886ddd3f20f83c,2962444.6509025246,4,"{4: 2, 10: 2}",2024-05-29 22:34:11,2024-05-29 23:09:59,0 days 00:35:48
0x89a2664dc1811970b4cafd648209777bf8cae2e1,1868642.8904969841,2,"{4: 1, 10: 1}",2024-05-29 22:34:23,2024-05-29 23:19:35,0 days 00:45:12
0x828aee1124355b3f737d87febe18024f38a2e622,1848813.867259547,2,"{4: 1, 10: 1}",2024-05-29 22:34:23,2024-05-29 23:19:35,0 days 00:45:12
0x18a0a25a8c1aad394f70bccf1bf8be107236eebb,1829298.681385234,2,"{4: 1, 10: 1}",2024-05-29 22:34:23,2024-05-29 23:19:35,0 days 00:45:12
0xe71d22573b0f03eb126fd0ec493a06b3331840ab,1810090.7492239624,2,"{4: 1, 10: 1}",2024-05-29 22:34:23,2024-05-29 23:19:35,0 days 00:45:12
0xbfa33abbf2bb4966bfa882ba37e07a666b560118,1791183.658721447,2,"{4: 1, 10: 1}",2024-05-29 22:34:23,2024-05-29 23:19:35,0 days 00:45:12
0xe05857aa3f5e87c9a5880a6820f774a473591af3,1772571.1640850008,2,"{4: 1, 10: 1}",2024-05-29 22:34:23,2024-05-29 23:19:35,0 days 00:45:12
0x8a6e8097aa5a6e125433e3ddf9b48f55f2602af2,22870575.27387631,4,"{2: 3, 7: 1}",2024-05-29 22:34:23,2024-08-29 19:07:23,91 days 20:33:00
0x1c1cb9f364cbe40687413e4a76d7e7070a24e12d,26217965.84593299,4,"{2: 3, 7: 1}",2024-05-29 22:34:23,2024-08-29 19:07:23,91 days 20:33:00
0xc82d8dcc276978d888fc15f3060d4cc0b101f3af,22840253.936117917,4,"{2: 3, 7: 1}",2024-05-29 22:34:23,2024-08-29 19:07:23,91 days 20:33:00
0x94aa5849ed857f495a7bea1f493e2728c2c46ea2,28187455.66708252,4,"{2: 3, 7: 1}",2024-05-29 22:34:23,2024-08-29 19:07:23,91 days 20:33:00
0x123791770351ccfcc96a3dba2658fe4200a66584,26671581.015958965,4,"{2: 3, 7: 1}",2024-05-29 22:34:23,2024-08-29 19:07:23,91 days 20:33:00
0xf329c685720264736a18858c17f6267340401af9,97000000.0,1,{2: 1},2024-05-29 22:34:23,2024-05-29 22:34:23,0 days 00:00:00
0x9bd70c8600930a1c276986786b6f0af36e9737e2,1612214.8164593875,2,"{4: 1, 10: 1}",2024-05-29 22:34:23,2024-05-29 23:16:23,0 days 00:42:00
0x52d9d02d9b46758494411bd672e84113916e3346,148219303.7355408,2,{2: 2},2024-05-29 22:34:23,2024-05-29 22:37:47,0 days 00:03:24
0x89d0e354e0d23788579c59463c54f644fc824674,1572896.8929038644,2,"{4: 1, 10: 1}",2024-05-29 22:34:23,2024-05-29 23:16:23,0 days 00:42:00
0x2b60485396fdb4397115b374e9b8b74eb6fb7448,149625094.29819655,2,{2: 2},2024-05-29 22:34:23,2024-05-29 22:37:47,0 days 00:03:24
0x0bf96cebfccbe35c2fa294e2cc59c4f862c8c3c9,97000000.0,1,{2: 1},2024-05-29 22:34:23,2024-05-29 22:34:23,0 days 00:00:00
0xb9ce524ca502b734577d85d92a9f1e6395317cbd,1511431.0749702156,2,"{4: 1, 10: 1}",2024-05-29 22:34:23,2024-05-29 23:16:23,0 days 00:42:00
0xec0cb6d23f385c9818a48e0062b382adfef20a79,97000000.0,1,{2: 1},2024-05-29 22:34:23,2024-05-29 22:34:23,0 days 00:00:00
0x2461c01589b51365e6532db0af473217d25fb51a,1474276.5039818138,2,"{4: 1, 10: 1}",2024-05-29 22:34:23,2024-05-29 23:16:23,0 days 00:42:00
0x39435169109c98fad350b60efb6ba5a0db5cc77d,1460376.6802722886,2,"{4: 1, 10: 1}",2024-05-29 22:34:23,2024-05-29 23:16:23,0 days 00:42:00
0x99e0aa37a66e2db3c51f30d03cd864767e72d7a6,1446672.476807028,2,"{4: 1, 10: 1}",2024-05-29 22:34:23,2024-05-29 23:16:23,0 days 00:42:00
0xdeb1d92175728a95b07a4bc8fa54cb180204f3c2,57965618.5997283,1,{4: 1},2024-05-29 22:34:23,2024-05-29 22:34:23,0 days 00:00:00
0xbf85ea414b432d5a2d8fac0ec2c9fcc99602407c,7746723.230301052,6,"{2: 4, 7: 2}",2024-05-29 22:34:23,2024-09-15 18:26:11,108 days 19:51:48
0xa42098e1de9f5700e8b63598894f163f1f8095c7,1363989.2450387478,2,"{4: 1, 10: 1}",2024-05-29 22:34:23,2024-05-29 23:39:35,0 days 01:05:12
0x83e1b0e23f71b4b27d16ccbb036266f1b52f01d4,1351473.1955453306,2,"{4: 1, 10: 1}",2024-05-29 22:34:23,2024-05-29 23:39:35,0 days 01:05:12
0xf7b8498646112af853219f06a0e1c9f968a3d0d2,1339128.6029108092,2,"{4: 1, 10: 1}",2024-05-29 22:34:23,2024-05-29 23:39:35,0 days 01:05:12
0xc1f45d178b23b8b3806d197ab4f85620cc1b0b5f,2778292.210749835,2,"{2: 1, 7: 1}",2024-05-29 22:34:23,2024-05-29 22:35:35,0 days 00:01:12
0xdb6abd015fb7e661ab3edc76307bdf738e64d1a0,2781997.8375543356,2,"{2: 1, 7: 1}",2024-05-29 22:34:23,2024-05-29 22:35:35,0 days 00:01:12
0x49dea2b9bcca803df861023c7b8f40797e790139,2781103.8018708676,2,"{2: 1, 7: 1}",2024-05-29 22:34:23,2024-05-29 22:35:35,0 days 00:01:12
0x16c6f731f2a44958754829144a39c50ac491455d,5178172.633099526,3,"{2: 1, 4: 1, 7: 1}",2024-05-29 22:34:23,2024-05-29 22:35:35,0 days 00:01:12
0x42eece1f02988e536835522f1143a6ae58303bc1,2783915.310637355,2,"{2: 1, 7: 1}",2024-05-29 22:34:23,2024-05-29 22:35:35,0 days 00:01:12
0x4f3f5083bda2c7341c1846cfd8ed0bfb4d3ba63e,167289930.7734776,2,{2: 2},2024-05-29 22:34:23,2024-05-29 22:48:47,0 days 00:14:24
0xc788c4a9f8a888474f587208eb9d9a93861ef5e1,166229462.9734351,2,{2: 2},2024-05-29 22:34:23,2024-05-29 22:48:47,0 days 00:14:24
0xf0ad38f6dc9d538ed4dc70f4ee158ac3f5952a00,4086190.9870866984,4,"{2: 2, 7: 1, 11: 1}",2024-05-29 22:34:23,2024-05-29 22:47:59,0 days 00:13:36
0xcceb10f787e4198d32b9f46eb7ca78130c49044f,2304524.3074828386,2,"{2: 1, 7: 1}",2024-05-29 22:34:23,2024-05-30 02:00:47,0 days 03:26:24
0x7430a9921b736e71e4501188daedd3c2566e3213,1700001.7604238838,2,"{4: 1, 10: 1}",2024-05-29 22:34:23,2024-05-29 22:34:59,0 days 00:00:36
0xa64b1cf4c10c11998787994a72b1c01b82165022,1305543.9848089293,2,"{2: 1, 7: 1}",2024-05-29 22:34:23,2024-05-29 22:36:11,0 days 00:01:48
0x13c0f0edf71414f184f8134e2c773fd7ce0293bb,1294488.1595808864,2,"{2: 1, 7: 1}",2024-05-29 22:34:23,2024-05-29 22:36:11,0 days 00:01:48
0xd50a830db65725e842273b3a8de58b89b3f1fe34,1315713.1025867239,2,"{2: 1, 7: 1}",2024-05-29 22:34:23,2024-05-29 22:35:11,0 days 00:00:48
0x55f5fcb304f1d59750f89fdcdfccd8068a6d71d5,1272611.7908438668,2,"{2: 1, 7: 1}",2024-05-29 22:34:23,2024-05-29 22:36:11,0 days 00:01:48
0x55deaa6444e135f775f1bc9b4ad543104996cd1f,1293950.111777462,2,"{2: 1, 7: 1}",2024-05-29 22:34:23,2024-05-29 22:35:11,0 days 00:00:48
0x4a9950aec5ba23d765db2c91962ef0ca8009db5b,1252036.8661188558,2,"{2: 1, 7: 1}",2024-05-29 22:34:23,2024-05-29 22:36:11,0 days 00:01:48
0x25a4bd326ea59e53fa8323cf7e71e15686186368,1252227.2190207317,2,"{2: 1, 7: 1}",2024-05-29 22:34:23,2024-05-29 22:35:47,0 days 00:01:24
0xfd24a2e7a8e9e352b89d6ec0bfece52ec527ab8f,1262960.598875448,2,"{2: 1, 7: 1}",2024-05-29 22:34:23,2024-05-29 22:35:11,0 days 00:00:48
0x39aaca8f399c6eca87ee5cc14c485944cc46a8d5,1264586.8256370202,2,"{2: 1, 7: 1}",2024-05-29 22:34:23,2024-05-29 22:34:59,0 days 00:00:36
0x58072eaebb812689705765724a1ffc354e04a2be,1212174.8409999982,2,"{2: 1, 7: 1}",2024-05-29 22:34:23,2024-05-29 22:36:11,0 days 00:01:48
0xd6876feff0b36c0e4e296138682ed5c3c898d309,35782051.15564799,2,{4: 2},2024-05-29 22:34:23,2024-05-29 23:04:11,0 days 00:29:48
0x4038a44b34dc6974b2d609715c00da7df845c4f9,52328032.084949456,1,{4: 1},2024-05-29 22:34:23,2024-05-29 22:34:23,0 days 00:00:00
0x9cdfcc37cdee055f4c703f1891672e2dee98f2ef,1019928.7422623861,3,"{4: 1, 10: 2}",2024-05-29 22:34:23,2024-05-31 23:17:11,2 days 00:42:48
0xaa7137eb34c2d3b794ee27008ed2287c681c28f3,500805.5511529315,2,"{4: 1, 10: 1}",2024-05-29 22:34:23,2024-05-29 22:46:59,0 days 00:12:36
0xd5a4bfc14aa18a73e316ec77cf8c078aa1d7b974,1161957.6776263416,3,"{4: 1, 2: 1, 11: 1}",2024-05-29 22:34:23,2024-05-30 05:02:35,0 days 06:28:12
0x0a3026ddea0352352aeacfcbedc612e3319ebbf8,9592664.598442186,8,"{2: 4, 7: 4}",2024-05-29 22:34:23,2024-05-29 22:58:23,0 days 00:24:00
0x268dec53b71a2e688638419e9a0fc6204cd716ef,1202513.640036516,2,"{2: 1, 7: 1}",2024-05-29 22:34:23,2024-05-29 22:34:59,0 days 00:00:36
0x87f1ce3cb933bba59bd2949a89c7db5c5a548fae,1068244.129332386,2,"{2: 1, 7: 1}",2024-05-29 22:34:23,2024-05-29 22:47:23,0 days 00:13:00
0x8e7378dcaf3937cfcdc10e869db9303dcc8b5b24,1102178.2838590443,2,"{2: 1, 7: 1}",2024-05-29 22:34:23,2024-05-29 22:40:23,0 days 00:06:00
0xa89271c26011ac0bc78600241572ac39da22c7e9,1051970.6058808714,2,"{2: 1, 7: 1}",2024-05-29 22:34:23,2024-05-29 22:47:23,0 days 00:13:00
0x8a5b5f16ac9cd6a26b0040e5713e594e511597c3,1085693.706402503,2,"{2: 1, 7: 1}",2024-05-29 22:34:23,2024-05-29 22:40:11,0 days 00:05:48
0xc31b365c60a2356826be87751c6a44d7f8a55211,1074866.9832683653,2,"{2: 1, 7: 1}",2024-05-29 22:34:23,2024-05-29 22:40:35,0 days 00:06:12
0x8223d1ce49ee49971a871582d15117d61f155a41,1027648.8713683486,2,"{2: 1, 7: 1}",2024-05-29 22:34:23,2024-05-29 22:47:23,0 days 00:13:00
0x101745af21d0f0fa93f1758f38c252a1175b9941,1138807.6851891577,2,"{2: 1, 7: 1}",2024-05-29 22:34:23,2024-05-29 22:34:59,0 days 00:00:36
0xce411406e51587d149884c0abc5ce0e62725e99d,1011697.9364590049,2,"{2: 1, 7: 1}",2024-05-29 22:34:23,2024-05-29 22:47:23,0 days 00:13:00
0xe59fe9156ba6c37eca35b42d4d0daac0e38e8656,1003864.9377817363,2,"{2: 1, 7: 1}",2024-05-29 22:34:23,2024-05-29 22:47:23,0 days 00:13:00
0x6057645f05a6ddca258d6e5e3c95de66395ea295,1061063.1347732842,2,"{2: 1, 7: 1}",2024-05-29 22:34:23,2024-05-29 22:36:59,0 days 00:02:36
0xfaafc4f1edfff7a3050b37f85d42da2e47459760,1052911.4151343182,2,"{2: 1, 7: 1}",2024-05-29 22:34:23,2024-05-29 22:36:59,0 days 00:02:36
0xa947377cb9b068a67cb370f5338343dba9d4e47d,2559281.529069215,3,"{2: 2, 7: 1}",2024-05-29 22:34:23,2024-05-29 22:56:59,0 days 00:22:36
0xb92a59fdc20ec1b6570e7452337889846a0ce2c2,3766036.346074,3,"{2: 2, 7: 1}",2024-05-29 22:34:23,2024-05-29 22:56:59,0 days 00:22:36
0x15cc1a7b548b5855dd1312f5e0a60aa87b68ab11,2588414.697069913,3,"{2: 2, 7: 1}",2024-05-29 22:34:23,2024-05-29 22:56:59,0 days 00:22:36
0x5199a2c955e3a89fe3483306c9e451d7a54bc3f4,4124100.127821788,3,"{2: 2, 7: 1}",2024-05-29 22:34:23,2024-05-29 22:56:59,0 days 00:22:36
0x00d4b9c9d02991c5d9b1b1448f883be82654f28c,2508348.4850075394,3,"{2: 2, 7: 1}",2024-05-29 22:34:23,2024-05-29 22:56:59,0 days 00:22:36
0xeb6d411f8dcfd14f26f7f562c172895e85ab1707,97000000.0,1,{2: 1},2024-05-29 22:34:23,2024-05-29 22:34:23,0 days 00:00:00
0x6daf6493094fb741a0a03f0cb75a6634b504bead,275331123.1218904,4,{4: 4},2024-05-29 22:34:23,2024-05-29 22:46:47,0 days 00:12:24
0xcd1082bb0e6d7f158243724ae18f2550324b147e,6011294.856427029,1,{4: 1},2024-05-29 22:34:23,2024-05-29 22:34:23,0 days 00:00:00
0x9848b3edeaea3bfa153e0b8dafabb58ebd253fe5,6003641.938078304,1,{4: 1},2024-05-29 22:34:23,2024-05-29 22:34:23,0 days 00:00:00
0x5ed9ea80f056777e87a45fdbed278f10f7608fed,5996003.632020223,1,{4: 1},2024-05-29 22:34:23,2024-05-29 22:34:23,0 days 00:00:00
0x1890a235bb0d800e065fafb8ef8ab1548a14ec2f,5988379.901066695,1,{4: 1},2024-05-29 22:34:23,2024-05-29 22:34:23,0 days 00:00:00
0x8900ed4a109e0006ab3bf2dfae435c9f78ffe733,5980770.708149856,1,{4: 1},2024-05-29 22:34:23,2024-05-29 22:34:23,0 days 00:00:00
0x1ad82b47288cc832ced6613efceb4e6c616317fc,5973176.016319635,1,{4: 1},2024-05-29 22:34:23,2024-05-29 22:34:23,0 days 00:00:00
0x94a29bef8b96d2c7dfdd420e82f121ab725c9186,5965595.78874329,1,{4: 1},2024-05-29 22:34:23,2024-05-29 22:34:23,0 days 00:00:00
0x42dd57be4483abb4ca2a89cc0a26baaccb27a94e,5958029.988704965,1,{4: 1},2024-05-29 22:34:23,2024-05-29 22:34:23,0 days 00:00:00
0xe7f8fd42ac94f819204edc6868308ecf2fc1ce07,5950478.579605246,1,{4: 1},2024-05-29 22:34:23,2024-05-29 22:34:23,0 days 00:00:00
0xd2b1c25524f8f5dc0d45a2deb6f837db3ca2cdd2,347967.844417026,1,{6: 1},2024-05-29 22:34:23,2024-05-29 22:34:23,0 days 00:00:00
0x295a0d9361cb3bc72b57b4058e2af1e86a046833,347942.039028146,1,{6: 1},2024-05-29 22:34:23,2024-05-29 22:34:23,0 days 00:00:00
0x79c06846633123d23ed6a71c456bb2ff09129938,313097.5650371276,2,"{5: 1, 7: 1}",2024-05-29 22:34:23,2024-05-29 22:41:23,0 days 00:07:00
0xde0aebe0f8fdc4d65b7c167ea016c0e31e766215,839801.5449228361,2,"{5: 1, 7: 1}",2024-05-29 22:34:35,2024-05-30 01:12:11,0 days 02:37:36
0xb51a1140d05ad5fdacbcfdf20f9dff5aa9cb5132,35004605.892882764,1,{2: 1},2024-05-29 22:34:35,2024-05-29 22:34:35,0 days 00:00:00
0xc6624801f5710ee5cb49065da749d334e10daef4,64384893.376101494,1,{2: 1},2024-05-29 22:34:35,2024-05-29 22:34:35,0 days 00:00:00
0x00fdf1e1ed8b5fb86c8fc9bc5f0639820187cb05,1839092.6371572837,2,"{4: 1, 7: 1}",2024-05-29 22:34:35,2024-05-29 22:35:47,0 days 00:01:12
0x071ee091ad119b55aa932905cba0ce2665c8c1ea,377668.0084496364,2,"{4: 1, 10: 1}",2024-05-29 22:34:35,2024-05-29 23:07:47,0 days 00:33:12
0x182b62cd0bbc082e8f7eca0f2e1c5802c24d3317,260899.97409532033,2,"{4: 1, 10: 1}",2024-05-29 22:34:35,2024-05-29 22:36:47,0 days 00:02:12
0xc672604d798d8cbd0cf2cc654099f82bd02647ab,4310774.327907756,5,"{4: 3, 10: 2}",2024-05-29 22:34:35,2024-05-29 22:57:23,0 days 00:22:48
0x3dc84da65595ce3c66d2f8f1af7eb328ead01550,4531345.560753311,1,{4: 1},2024-05-29 22:34:35,2024-05-29 22:34:35,0 days 00:00:00
0x44a6bfacc3d7290d6265e7c569016ba7a2d931a7,2461960.5241704434,4,{8: 4},2024-05-29 22:34:35,2024-05-30 02:00:59,0 days 03:26:24
0xe06ee832f30f1c776f94d04c6c0433fcd842eb28,7535255.797117087,1,{4: 1},2024-05-29 22:34:35,2024-05-29 22:34:35,0 days 00:00:00
0x123c87027f62395b5d26cbeae1f3981ba634b58f,9025130.44644016,1,{4: 1},2024-05-29 22:34:47,2024-05-29 22:34:47,0 days 00:00:00
0x12fa63f4beb6b4025ee8e5eab8e032c25a12f762,29800732.086029667,1,{2: 1},2024-05-29 22:34:47,2024-05-29 22:34:47,0 days 00:00:00
0x74a89a72ef2669afadeca1af85fb8166fd69b9c4,1495792.7212319523,2,"{2: 1, 7: 1}",2024-05-29 22:34:47,2024-05-29 23:04:59,0 days 00:30:12
0x06539c73ad05e5fec431485e8908104c8c2a086a,1475923.119799517,2,"{2: 1, 7: 1}",2024-05-29 22:34:47,2024-05-29 23:04:59,0 days 00:30:12
0x521e7de181749869be069a108df36ab53860860e,1456446.883998029,2,"{2: 1, 7: 1}",2024-05-29 22:34:47,2024-05-29 23:04:59,0 days 00:30:12
0x82d3b7b7b684c4ed5544cec704d7fc6b97576ce5,56649243.50421715,3,"{2: 2, 7: 1}",2024-05-29 22:34:47,2024-05-29 23:04:59,0 days 00:30:12
0xca83adf8e4788d8bcd10b7cd8515e4d223d27865,1418633.5872340947,2,"{2: 1, 7: 1}",2024-05-29 22:34:47,2024-05-29 23:04:59,0 days 00:30:12
0x4a749596111dd107461db557690bcafce3f2cb6a,1400276.8917179555,2,"{2: 1, 7: 1}",2024-05-29 22:34:47,2024-05-29 23:04:59,0 days 00:30:12
0x7e28cc2ef6e1d0173ec09d5aada2b739c112c98e,1382274.2672498748,2,"{2: 1, 7: 1}",2024-05-29 22:34:47,2024-05-29 23:04:59,0 days 00:30:12
0x5e2f391a4db2b6fb1ac6a7d126996a109e1362c4,1364616.6667018458,2,"{2: 1, 7: 1}",2024-05-29 22:34:47,2024-05-29 23:04:59,0 days 00:30:12
0x6d1883fbd7be51c823952f540f15a084237686a0,1347295.3300223425,2,"{2: 1, 7: 1}",2024-05-29 22:34:47,2024-05-29 23:04:59,0 days 00:30:12
0x2ca0a70c185d9edb61c4f5781c8f91696ab26651,50543488.15994781,3,"{2: 2, 7: 1}",2024-05-29 22:34:47,2024-05-29 23:04:59,0 days 00:30:12
0xfeb5cc87a5c5790b6340a904a6de3bb42f7e9c0f,51040173.64723662,1,{2: 1},2024-05-29 22:34:47,2024-05-29 22:34:47,0 days 00:00:00
0xed1af5749b48896b9a41c4d335b4afd022440342,50398148.8256328,1,{2: 1},2024-05-29 22:34:47,2024-05-29 22:34:47,0 days 00:00:00
0x57e6cc000b3b6c68c838888a22474798e8a4ac24,5004814.012790887,1,{6: 1},2024-05-29 22:34:47,2024-05-29 22:34:47,0 days 00:00:00
0x112a79390cb874b77a5b24b5c3151b955f7f7c6c,4998526.720609352,1,{6: 1},2024-05-29 22:34:47,2024-05-29 22:34:47,0 days 00:00:00
0x39645175701f595296d250067229a24302a6711b,2484365.110309632,1,{6: 1},2024-05-29 22:34:47,2024-05-29 22:34:47,0 days 00:00:00
0x173734a7a4e3cf170553b37a21eacfb9a92b1933,1988814.476654023,2,"{9: 1, 12: 1}",2024-05-29 22:34:47,2024-05-29 23:31:11,0 days 00:56:24
0xb012f3ace389b9aa989bedea7df7698d88702e89,596492.1750649959,2,"{2: 1, 7: 1}",2024-05-29 22:34:47,2024-05-29 22:42:47,0 days 00:08:00
0x000f143bd24c0d7aff43de524cb32c2f5a752171,1997585.97685574,3,"{2: 2, 11: 1}",2024-05-29 22:34:47,2024-09-07 19:03:47,100 days 20:29:00
0x322a3bcb3f141b3efe13887052ddf071e44e3622,97627388.58808967,2,{2: 2},2024-05-29 22:34:47,2024-05-29 22:37:47,0 days 00:03:00
0x7cd413ac07e790246abc8ff5cd3853b0b4705741,333600.42402872443,2,"{4: 1, 10: 1}",2024-05-29 22:34:47,2024-05-29 22:36:59,0 days 00:02:12
0x17c2e1598d4583c12b50c6ce668f778fcca08d38,2239249.535063714,2,"{4: 1, 10: 1}",2024-05-29 22:34:47,2024-05-30 00:38:23,0 days 02:03:36
0xf0d6d3e44314de9ca7f2666ea4f75defd117bdd2,233841.61329114344,2,"{4: 1, 10: 1}",2024-05-29 22:34:47,2024-05-29 22:36:35,0 days 00:01:48
0xcfccd1cb7a679f711c83ee5aa86ab1a8f17ce5f9,1674720.54566852,2,"{9: 1, 12: 1}",2024-05-29 22:34:47,2024-05-29 22:36:23,0 days 00:01:36
0xadd8202dede79335d7bb129f47aa4f64e52101f5,17303708.54181587,1,{5: 1},2024-05-29 22:34:59,2024-05-29 22:34:59,0 days 00:00:00
0x77fc1b2f22156a02266c689361730c10ab97abab,1101205.9599975422,2,"{4: 1, 10: 1}",2024-05-29 22:34:59,2024-05-29 22:36:59,0 days 00:02:00
0xd9655eb871a5f657e2e5d2d07f3ca2d18b4cb78a,1459621.7942513973,4,{11: 4},2024-05-29 22:34:59,2024-08-29 03:25:11,91 days 04:50:12
0x883c524966e36d8b3ebb2a8cb64e082a819dfa24,916144.7476752475,2,"{5: 1, 7: 1}",2024-05-29 22:34:59,2024-05-31 13:13:23,1 days 14:38:24
0x4b23188b10f90992168d18ba76be7f413d111111,2385545.5540444553,2,"{2: 1, 7: 1}",2024-05-29 22:35:11,2024-05-30 02:19:59,0 days 03:44:48
0xd584239989584444089e8e2943d8c48479b55346,5265237.733475119,4,"{2: 2, 7: 2}",2024-05-29 22:35:11,2024-05-29 23:39:47,0 days 01:04:36
0xc96049799369879208bfc86df8d4fb55504a848b,97881095.00784841,3,"{2: 2, 7: 1}",2024-05-29 22:35:11,2024-05-29 23:39:47,0 days 01:04:36
0x69c044144038591dd700bca1b508784506b30a6b,97292451.9346224,3,"{2: 2, 7: 1}",2024-05-29 22:35:11,2024-05-29 23:39:47,0 days 01:04:36
0xf44c96536523fb32bd251a095ef424a57a8977cf,368239.26769497246,2,"{2: 1, 7: 1}",2024-05-29 22:35:11,2024-05-29 23:19:35,0 days 00:44:24
0x31b47c9b70f6ed771457b99ed92585938e2c43cf,96542382.81200573,1,{5: 1},2024-05-29 22:35:11,2024-05-29 22:35:11,0 days 00:00:00
0xec11ea6d580cfc98b122044cd71353f31088a0f1,96542382.81200573,1,{5: 1},2024-05-29 22:35:11,2024-05-29 22:35:11,0 days 00:00:00
0x3a8fa3367cbeabb9d4befec7c8d85f88a9347a4b,96542382.81200573,1,{5: 1},2024-05-29 22:35:11,2024-05-29 22:35:11,0 days 00:00:00
0xe81bbee3741ff986ecf1e12b2642b09387fe5c52,96542382.81200573,1,{5: 1},2024-05-29 22:35:11,2024-05-29 22:35:11,0 days 00:00:00
0x912e69e8737b54099abc140a4982ef9b5da07465,39077190.01822317,13,"{4: 7, 10: 6}",2024-05-29 22:35:11,2024-05-29 23:48:23,0 days 01:13:12
0xdf839f2d5bbde84d6534e828d2f9ad8923a2d0c5,9622184.49238804,8,"{4: 4, 10: 4}",2024-05-29 22:35:11,2024-05-29 23:44:35,0 days 01:09:24
0xa0e53dba9ccb2c72a793b4dd51ef3dd65dbf7a63,4354334.186811179,4,"{4: 2, 10: 2}",2024-05-29 22:35:11,2024-05-29 23:59:23,0 days 01:24:12
0x761c5a008969081df6e80fe57dc0dc9549989fdf,6842782.173077084,6,"{4: 3, 10: 3}",2024-05-29 22:35:11,2024-05-29 23:58:23,0 days 01:23:12
0x3a25c0c5278a4750814611807723442d52a57c54,2392180.0961292833,3,"{4: 2, 10: 1}",2024-05-29 22:35:11,2024-05-29 23:02:11,0 days 00:27:00
0xb9868a3767b6e097d1bf1c837fa1b24ce84ed7da,1552073.986730814,2,"{4: 1, 10: 1}",2024-05-29 22:35:11,2024-09-18 09:01:11,111 days 10:26:00
0x9b56aa8f994d40ee928bbb3c269e743b2128b358,984508.2738274783,2,"{2: 1, 7: 1}",2024-05-29 22:35:23,2024-05-30 05:52:35,0 days 07:17:12
0xbdf59d84e393cc0728409144512d2cd62c3278f3,13657129.29918006,10,"{2: 5, 7: 5}",2024-05-29 22:35:23,2024-05-29 22:58:23,0 days 00:23:00
0x1787035c93f88c7989336ecf35ac68550fc60e6a,2065829.5835670829,2,"{2: 1, 7: 1}",2024-05-29 22:35:23,2024-05-31 00:20:11,1 days 01:44:48
0x632d7948ec95b8f96fdfe7b5068643cb7f91ad21,2032609.6570404172,2,"{2: 1, 7: 1}",2024-05-29 22:35:23,2024-05-31 00:20:11,1 days 01:44:48
0x9ab8f94a74a3786bba45b5d9d32cb8be8ab74ccf,132689196.6509017,2,{2: 2},2024-05-29 22:35:23,2024-05-29 22:35:59,0 days 00:00:36
0x62c6050a9421c4167d208291377d7eacae64a793,10516827.0893618,9,"{4: 4, 10: 5}",2024-05-29 22:35:35,2024-05-29 23:03:47,0 days 00:28:12
0x96461bfc931bc262135e569f3500c5ebe0374e57,2156866.922654003,2,"{2: 1, 7: 1}",2024-05-29 22:35:35,2024-05-29 22:46:23,0 days 00:10:48
0xf43ee724e1bd655a33910faf6fc5692fb2da6fa5,1134151.5671119913,2,"{4: 1, 10: 1}",2024-05-29 22:35:35,2024-05-30 14:39:47,0 days 16:04:12
0x000008159ce9ade13270f4a134bd34bf54349f01,11284641.15341025,1,{4: 1},2024-05-29 22:35:35,2024-05-29 22:35:35,0 days 00:00:00
0x8df4a5527b19f4d6ca5e7bf1e243480a457813ce,2856873.6587616056,2,"{4: 1, 10: 1}",2024-05-29 22:35:35,2024-05-30 09:35:11,0 days 10:59:36
0x8a95d0efbb0052638fe7f30eeef621045ac2f5b2,667805.8896213137,2,"{4: 1, 10: 1}",2024-05-29 22:35:47,2024-05-29 22:37:11,0 days 00:01:24
0xadf13c755a95a1ad2dd1dc35b2b99573a188d187,97000000.0,1,{2: 1},2024-05-29 22:35:59,2024-05-29 22:35:59,0 days 00:00:00
0xc94782f82a18175f3402c0bed1aaf59cf1d15bb7,2785581.8554762453,2,"{4: 1, 10: 1}",2024-05-29 22:35:59,2024-05-29 22:47:59,0 days 00:12:00
0x087542ff819de1cbf7d6f102852ce90b1d589e8a,2611134.5534599572,2,"{2: 1, 7: 1}",2024-05-29 22:36:11,2024-05-29 22:59:35,0 days 00:23:24
0x40d3e083b385546e55da7e2b767c64cdeea7eaad,2613010.0713128746,2,"{2: 1, 7: 1}",2024-05-29 22:36:11,2024-05-29 22:59:35,0 days 00:23:24
0x5af384fd7a7399675b5a299d6906da34b9564049,414139.34293814003,2,"{5: 1, 7: 1}",2024-05-29 22:36:11,2024-05-29 22:55:59,0 days 00:19:48
0xb899912e41a03c188cfef3b5027fd005c12d767c,7329269.792526588,6,"{4: 3, 10: 3}",2024-05-29 22:36:11,2024-05-29 23:31:23,0 days 00:55:12
0x7a5af5668646f3eb1524c3428bc8aaa416a13f17,672064.7693276256,2,"{5: 1, 7: 1}",2024-05-29 22:36:23,2024-05-30 01:58:47,0 days 03:22:24
0xa50c08f58801c07be3f050229571d6e31fa466d6,87363227.62872393,1,{4: 1},2024-05-29 22:36:35,2024-05-29 22:36:35,0 days 00:00:00
0xc2ddf32d667276b531e75b9bd874330c15595f88,118755632.7656576,2,{9: 2},2024-05-29 22:36:59,2024-05-29 22:38:47,0 days 00:01:48
0x4fa066726e883c6f5ec21b9a26659ab5ae149cf7,1008085.144320339,2,"{9: 1, 12: 1}",2024-05-29 22:36:59,2024-05-31 23:17:11,2 days 00:40:12
0xb1c376e3b8c426d0ec6d2ad83e98aee3bac52f7a,1727457.0429511145,2,"{13: 1, 14: 1}",2024-05-29 22:36:59,2024-05-29 22:37:35,0 days 00:00:36
0x64aaa3fe964c7be62f7b186ceb34dba1459b3245,223116.02029780074,4,"{4: 1, 10: 3}",2024-05-29 22:37:11,2024-05-31 09:35:23,1 days 10:58:12
0x7e246a00d7d1f07d28e93577731eb4aff422a295,2858879.0759062767,2,"{3: 1, 10: 1}",2024-05-29 22:37:23,2024-05-29 22:57:59,0 days 00:20:36
0x87033ad96757ecd730aa1652b1a7dabcc5ffb182,2615149.8497007117,3,"{2: 1, 7: 2}",2024-05-29 22:37:23,2024-05-29 22:59:11,0 days 00:21:48
0x74cc672c839e3602e0de53878235022da3b3799a,2197446.150507018,2,"{4: 1, 10: 1}",2024-05-29 22:37:23,2024-05-29 23:01:23,0 days 00:24:00
0xb6380198d5d96d9a950714f9eff9ebf283307180,2494591.102831468,2,"{9: 1, 12: 1}",2024-05-29 22:37:23,2024-05-30 12:49:23,0 days 14:12:00
0xcf1fa0ef06a779c85a9a65d9b6877bf46181c44d,5349145.3600539565,4,"{2: 2, 7: 2}",2024-05-29 22:37:23,2024-05-29 23:30:47,0 days 00:53:24
0xca87711b4061bc5c61f7da6814256304b51275f9,5349192.45300144,4,"{2: 2, 7: 2}",2024-05-29 22:37:23,2024-05-29 23:30:47,0 days 00:53:24
0x3eb81b24f5c89fe0119998bb8772413d32fec77c,5348266.269816071,4,"{2: 2, 7: 2}",2024-05-29 22:37:23,2024-05-29 23:30:47,0 days 00:53:24
0x1b4d19e1fe25c5b3b4d1b4c98b530f9895993164,2603912.248829633,2,"{2: 1, 7: 1}",2024-05-29 22:37:23,2024-05-29 23:30:23,0 days 00:53:00
0x7c8bd5a28df5a2bd95b9c37604f95b32eb5fc41d,2603934.740062654,2,"{2: 1, 7: 1}",2024-05-29 22:37:23,2024-05-29 23:30:23,0 days 00:53:00
0x48252b99301b4f7e5f8fabba50ed848bf12bd9ce,2603957.231958568,2,"{2: 1, 7: 1}",2024-05-29 22:37:23,2024-05-29 23:30:23,0 days 00:53:00
0xd7f382c0b1631e81ac73d0abd5f6f37613d44ef9,5351186.530533537,4,"{2: 2, 7: 2}",2024-05-29 22:37:23,2024-05-29 23:30:47,0 days 00:53:24
0x64b41e3e3b39d41ea43b8111bbc18d8d700fa023,5349357.087552145,4,"{2: 2, 7: 2}",2024-05-29 22:37:23,2024-05-29 23:30:47,0 days 00:53:24
0x061ed36d0d3c96e9a3e5811c76d1d10c8bc3b8b7,2609588.645370826,2,"{2: 1, 7: 1}",2024-05-29 22:37:23,2024-05-29 23:30:23,0 days 00:53:00
0x33ace673d92fe4f580fb1b5fb39ea37301ebeafc,2611465.653876826,2,"{2: 1, 7: 1}",2024-05-29 22:37:23,2024-05-29 23:30:23,0 days 00:53:00
0x88cb54b5951498c2795b63d3b22d6ab1f7c8612d,925782.9868491367,2,"{4: 1, 10: 1}",2024-05-29 22:37:23,2024-05-31 01:52:11,1 days 03:14:48
0x6c1bf34bcd446e459425439e206ff8cd3116f43d,1757512.2489823475,2,"{4: 1, 10: 1}",2024-05-29 22:37:35,2024-05-29 22:43:23,0 days 00:05:48
0xa746575b84b2262a90e12003b8e07132a372a651,2703325.943182364,2,"{2: 1, 7: 1}",2024-05-29 22:37:35,2024-05-29 22:56:59,0 days 00:19:24
0x0bb454c2d4e642a5c18f1b3db4d020ba202907df,2709849.7801202238,2,"{2: 1, 7: 1}",2024-05-29 22:37:35,2024-05-29 22:56:59,0 days 00:19:24
0x643d56a4503cf97a573dcbc52a76f80454492f92,2706148.221988097,2,"{2: 1, 7: 1}",2024-05-29 22:37:35,2024-05-29 22:56:59,0 days 00:19:24
0x629a7795d35bf0fdc73bd8b5ba1db021a8fa7d84,2710823.197690606,2,"{2: 1, 7: 1}",2024-05-29 22:37:35,2024-05-29 22:56:59,0 days 00:19:24
0x8217583c8c8b084b045a4dc184070fe66049eaa7,2710847.7634343207,2,"{2: 1, 7: 1}",2024-05-29 22:37:35,2024-05-29 22:56:59,0 days 00:19:24
0x0ba5f38d949be37b5af84a527c13e8d7095d8639,1775057.990181215,3,"{5: 2, 7: 1}",2024-05-29 22:37:47,2024-05-29 23:02:59,0 days 00:25:12
0x81d77bb263236f68031430b0ce5ef2d082442c8d,18577351.36283791,4,"{2: 3, 7: 1}",2024-05-29 22:37:47,2024-05-29 23:31:23,0 days 00:53:36
0x52c2f7b1e1ed87b990b13d9b03b53360864d0be9,1923556.780113563,2,"{4: 1, 10: 1}",2024-05-29 22:37:59,2024-05-29 23:52:59,0 days 01:15:00
0xa49eac2f8324ed3252b3b8dec7275ee79c150231,2681883.864533901,2,"{4: 1, 10: 1}",2024-05-29 22:37:59,2024-05-29 22:47:23,0 days 00:09:24
0xd572cee28a2b1f80160c13d156621d70465741f1,116261355.10603023,3,{4: 3},2024-05-29 22:38:11,2024-05-29 22:39:47,0 days 00:01:36
0xd992b50bafdfb820d02c59d3e0a66736cc5c3a5e,2198425.931563318,2,"{2: 1, 10: 1}",2024-05-29 22:38:23,2024-08-24 12:26:35,86 days 13:48:12
0xc668a02c44842ab5d5341949fa13d03760b4a000,5463810.557190418,4,"{2: 2, 10: 2}",2024-05-29 22:38:23,2024-05-29 22:57:23,0 days 00:19:00
0xe5f4c5bc98b2e0fc41a474492b6033b64f71d023,5437200.318449944,4,"{2: 2, 7: 2}",2024-05-29 22:38:23,2024-05-29 22:56:59,0 days 00:18:36
0xd6fc0bc4d12de7470da816cce8757ac0a77249ee,5429553.402920529,4,"{2: 2, 7: 2}",2024-05-29 22:38:23,2024-05-29 22:56:59,0 days 00:18:36
0x1e480ac9f07e757a8b08ce96f8ced1ac03037332,2502695.871529728,2,"{4: 1, 10: 1}",2024-05-29 22:38:23,2024-05-29 22:42:35,0 days 00:04:12
0x4dc3d297e0841216766c87eaec5aa4329b222222,2551962.3173988014,2,"{2: 1, 7: 1}",2024-05-29 22:38:23,2024-05-30 02:19:59,0 days 03:41:36
0xcf82d29d0587c0241f059f5afc5810022f5da3da,562830628.3890523,24,"{4: 13, 7: 4, 10: 7}",2024-05-29 22:38:47,2024-05-31 22:22:11,1 days 23:43:24
0x68182338027f35d3b2dee6ba4b0d9d833719e578,7451671.508716837,6,"{4: 3, 10: 3}",2024-05-29 22:38:47,2024-05-30 19:18:11,0 days 20:39:24
0x22a91690022341301256127475d5e5d37e3e3e27,2120535.261024624,2,"{2: 1, 7: 1}",2024-05-29 22:38:59,2024-05-29 22:57:35,0 days 00:18:36
0xd8b023601277245dffb586b404ef4a2b368d513c,988076.0433089808,2,"{2: 1, 7: 1}",2024-05-29 22:38:59,2024-05-30 00:12:11,0 days 01:33:12
0xe9ac627b17010dc2423952811a953df67e1b2177,2837990.115334183,2,"{2: 1, 7: 1}",2024-05-29 22:39:11,2024-05-29 22:45:47,0 days 00:06:36
0xeb80c4ca0d46b75c4663f1dd0b0def277872be6f,440468.63068364374,4,{15: 4},2024-05-29 22:39:11,2024-05-29 23:45:35,0 days 01:06:24
0x1af9b856246a13699354578a01701e3d1f1c8200,13324092.348908134,11,"{4: 5, 7: 4, 10: 2}",2024-05-29 22:39:23,2024-05-31 03:21:11,1 days 04:41:48
0xba88afd52bc6a3012c4502d2d4f3b092ed6cf0d4,34684825.180107914,1,{4: 1},2024-05-29 22:39:23,2024-05-29 22:39:23,0 days 00:00:00
0x38e55d4843ba8be061ab73b0c7f1f1caf768ef2d,855315.2858220823,2,"{9: 1, 7: 1}",2024-05-29 22:39:47,2024-05-30 20:16:47,0 days 21:37:00
0x92e441da1125ffca192d858e7b23fe078aa2b2f2,17152020.761027552,2,{5: 2},2024-05-29 22:40:23,2024-05-29 22:43:23,0 days 00:03:00
0xb5a66a13f26f6e8976862c2643083b235e04ff0c,955302.7992992774,2,"{5: 1, 7: 1}",2024-05-29 22:40:23,2024-05-29 22:59:23,0 days 00:19:00
0xcda31b98131b059fe6464963f1f474de6e13eb2b,5199753.513232723,4,"{9: 2, 12: 2}",2024-05-29 22:41:11,2024-05-30 15:01:47,0 days 16:20:36
0xcf2ee86daae7e364c7c05643e815c8d2498e2466,5200712.953362584,4,"{9: 2, 12: 2}",2024-05-29 22:41:11,2024-05-30 15:01:47,0 days 16:20:36
0xd18f20ab776c5448202d264b1170e16a31a579b3,5201672.420925111,4,"{9: 2, 12: 2}",2024-05-29 22:41:11,2024-05-30 15:01:47,0 days 16:20:36
0x7ce9da83253afa7677c18815747a1adb271f92ca,5202544.260538951,4,"{9: 2, 12: 2}",2024-05-29 22:41:11,2024-05-30 15:01:47,0 days 16:20:36
0x94b7a10bf90a0c1253179649a0a565dabab4f04c,5151962.484130275,1,{4: 1},2024-05-29 22:41:23,2024-05-29 22:41:23,0 days 00:00:00
0x41a67499723a8f43d2c2bb73a9a151aa7c3bb377,200392.19951495994,2,{11: 2},2024-05-29 22:41:47,2024-05-29 23:43:35,0 days 01:01:48
0xdd61dc91e4339a1c698b11ade43c4067990b227a,2904595.9903975576,2,"{2: 1, 7: 1}",2024-05-29 22:42:47,2024-05-29 22:43:35,0 days 00:00:48
0x8980e3c32565cd0b36638d5c8b7632918b8a3715,2741935.2976892143,2,"{2: 1, 7: 1}",2024-05-29 22:42:47,2024-05-29 23:00:59,0 days 00:18:12
0x63a4cb39b0d34635263017282769b62bc07d2a91,2696715.1879643053,2,"{2: 1, 7: 1}",2024-05-29 22:42:47,2024-05-29 23:00:59,0 days 00:18:12
0xe28a26cdb60d988eab41f1aeb30d09d76235c525,2790394.14425084,2,"{2: 1, 7: 1}",2024-05-29 22:42:47,2024-05-29 22:43:59,0 days 00:01:12
0x6a7f43297e39affc7d0ece847eeb5f1291dfa371,113223872.07791835,14,"{2: 10, 7: 4}",2024-05-29 22:44:11,2024-08-24 18:48:35,86 days 20:04:24
0xb8073d2ae5c5e17e2fff7890656ec8bdfcb67395,1473776.3511073291,2,{11: 2},2024-05-29 22:44:59,2024-05-29 22:59:59,0 days 00:15:00
0x0fe526e43c55096c9308d6242302d0948862d239,4346134.984192505,1,{4: 1},2024-05-29 22:45:23,2024-05-29 22:45:23,0 days 00:00:00
0xd08220cd2917c98a563d14ae94a3302cd49d0d47,470686.8207206223,2,"{5: 1, 7: 1}",2024-05-29 22:45:35,2024-05-29 22:56:59,0 days 00:11:24
0xdcad74e2629261ec0d55a974a0f03e33a3942a11,612544.1797869802,2,{16: 2},2024-05-29 22:46:35,2024-05-29 23:05:35,0 days 00:19:00
0xc4854fb046d8527e228e3c7564b0c102f4153f7b,32924415.48682433,1,{11: 1},2024-05-29 22:46:59,2024-05-29 22:46:59,0 days 00:00:00
0xe251e824696bc67f646b894e891ef5d8588328a6,96102407.90337314,3,"{4: 2, 7: 1}",2024-05-29 22:47:23,2024-05-29 23:08:11,0 days 00:20:48
0xd8c59a10856f3bc6e1420ffa5847dacb59f94084,95110335.83610919,3,"{4: 2, 7: 1}",2024-05-29 22:47:35,2024-05-29 23:08:11,0 days 00:20:36
0xf8d2e19e3ec625ca7819c969cfb1ae8ea1f44308,94626335.4077677,3,"{4: 2, 7: 1}",2024-05-29 22:47:59,2024-05-29 23:42:47,0 days 00:54:48
0x2c31a2de2cff6d1d143c5da07f62f90cb21a9384,19950844.64900746,1,{11: 1},2024-05-29 22:47:59,2024-05-29 22:47:59,0 days 00:00:00
0x9d6581468f04e5e55876a2660b5aeabc12e3efa0,2780410.341397345,2,"{2: 1, 7: 1}",2024-05-29 22:48:11,2024-05-29 23:20:59,0 days 00:32:48
0x0c94097c460bcf30da8a5568ffbc5356e876d9ff,1941334.811706543,2,"{4: 1, 10: 1}",2024-05-29 22:48:35,2024-05-31 17:51:35,1 days 19:03:00
0x715a94b2c9cc99afeca4a869ec56f852afbda964,68839945.49150541,1,{2: 1},2024-05-29 22:48:47,2024-05-29 22:48:47,0 days 00:00:00
0x8d9cad58f70c491734efb145e87ce2c91c9f059d,1191491.5131701306,2,"{9: 1, 12: 1}",2024-05-29 22:48:59,2024-05-29 22:59:35,0 days 00:10:36
0x841fa34eb6871402aa21bd09c68d6e53dd42538d,2671472.6429937184,2,"{4: 1, 10: 1}",2024-05-29 22:49:23,2024-05-29 23:28:47,0 days 00:39:24
0xbccada8748fff1dd70a08d536f0ececafec7fb55,3438420.607924953,4,{11: 4},2024-05-29 22:49:59,2024-05-29 23:11:35,0 days 00:21:36
0xe8882fbe83b10af4ff0681a0c5aecdee7d47219b,94993310.60724866,1,{4: 1},2024-05-29 22:50:11,2024-05-29 22:50:11,0 days 00:00:00
0x91d5482f54f2dfddf21caf8f5528f689397ae223,92806636.71061136,1,{4: 1},2024-05-29 22:51:23,2024-05-29 22:51:23,0 days 00:00:00
0xb9c8379463c5a19f5565ff10941a484759db8189,857044.0166658461,3,"{2: 2, 7: 1}",2024-05-29 22:51:23,2024-05-29 23:30:23,0 days 00:39:00
0x0e165b0e277e867ca957821892c38de3ae5553b7,7134631.946717004,1,{4: 1},2024-05-29 22:52:11,2024-05-29 22:52:11,0 days 00:00:00
0xafd495a64971fd1fe26b20d7c5e55fd47912c068,288831985.68752414,5,"{3: 4, 10: 1}",2024-05-29 22:53:11,2024-05-29 23:44:11,0 days 00:51:00
0xbe132bf72a25069bbea13a43cc9efd820d6e9c0e,3573634.419569373,4,"{17: 3, 10: 1}",2024-05-29 22:54:35,2024-08-25 22:21:35,87 days 23:27:00
0xadcc528bb5bbc2a50c680c228fff4dc902220301,40321670.96294221,1,{11: 1},2024-05-29 22:59:47,2024-05-29 22:59:47,0 days 00:00:00
0x275121b5734bdae3bd97da0fe37f47450656cb13,2599249.7059238553,2,"{4: 1, 10: 1}",2024-05-29 23:00:11,2024-05-31 23:17:11,2 days 00:17:00
0x9b0e367f72ac64062831707c5776c6201f579d5b,2762894.924106896,2,"{2: 1, 7: 1}",2024-05-29 23:00:59,2024-05-30 02:19:59,0 days 03:19:00
0x8839826b11c358a3fa764e5dd32f9d1a7cf8a1b6,11356707.319729954,8,"{2: 4, 7: 3, 18: 1}",2024-05-29 23:01:59,2024-05-29 23:32:59,0 days 00:31:00
0x5ae769ec6f156d07ed916d9c176a3dba2364ff1c,97000000.0,1,{2: 1},2024-05-29 23:07:11,2024-05-29 23:07:11,0 days 00:00:00
0x04776104757d207ca07a9b42fc720eb84ec937b4,2807217.9216119796,2,"{2: 1, 7: 1}",2024-05-29 23:07:59,2024-05-30 00:20:59,0 days 01:13:00
0x18eaac8bad462b3226f885f42cc59c78d20ff939,95260249.38164389,1,{4: 1},2024-05-29 23:09:59,2024-05-29 23:09:59,0 days 00:00:00
0xe507c1c3ab5f1973a0f5264bae80d3532d51d0da,91380267.8891833,1,{2: 1},2024-05-29 23:41:59,2024-05-29 23:41:59,0 days 00:00:00
0x58161a66477802aeb002237a0ae49c6490d45084,90695409.97889629,1,{2: 1},2024-05-29 23:41:59,2024-05-29 23:41:59,0 days 00:00:00
0x1364e7cdd0a4b6c95eabaf72ec44476aeda5ea2a,90018226.22997017,1,{2: 1},2024-05-29 23:41:59,2024-05-29 23:41:59,0 days 00:00:00
0xa1952f7f47c04ea85ad6f306cb12c3d5f122c360,142418.190587714,1,{15: 1},2024-05-29 23:45:35,2024-05-29 23:45:35,0 days 00:00:00
0x9b04082ae277947290440f67b8309b2a009cd3c7,2844610.782931581,2,"{4: 1, 10: 1}",2024-05-30 00:05:11,2024-05-30 19:33:59,0 days 19:28:48
0x5dc886b8241ef5a46d1b0447aabef8366f8944c6,2465550000.0,12,"{19: 11, 8: 1}",2024-05-30 15:35:59,2024-05-31 13:39:47,0 days 22:03:48
0x26ca49197e15b70ad838aebbcd3aefe5cd0eb749,4487346.749820925,14,"{8: 8, 19: 6}",2024-05-31 06:51:47,2024-05-31 16:13:23,0 days 09:21:36
0xd6a22534b5ec663c686cfb0dda24126f8b7c6e6f,-13505.724451132119,8,"{19: 4, 8: 4}",2024-05-31 07:07:11,2024-05-31 17:49:35,0 days 10:42:24
0x0071c1b45565496d913f6e3b78437843adad84db,-21341.414474636316,12,"{19: 2, 8: 10}",2024-05-31 11:40:35,2024-05-31 22:29:23,0 days 10:48:48
0x43629d7c9aed1ce88bf96311ccaf65b7aac8432f,-9582.33258754015,3,"{19: 2, 8: 1}",2024-05-31 11:40:59,2024-05-31 15:40:47,0 days 03:59:48
0x22151708f205a7c4b2cf9bbb470b68476a82c693,86855492.03857301,4,{8: 4},2024-05-31 17:08:59,2024-05-31 22:01:11,0 days 04:52:12
0xfe75c93b5df2be56eff763c43560ec94413b4989,300108011.8329782,2,{8: 2},2024-05-31 18:34:11,2024-05-31 22:05:23,0 days 03:31:12
0xedb582480e1ce4413fb7b9c26404052442433600,191419751.1402972,1,{8: 1},2024-05-31 19:41:59,2024-05-31 19:41:59,0 days 00:00:00
0x1c1c3b7de0df26bf69cc9da78ee9652aec798ff8,166240821.39920712,1,{8: 1},2024-05-31 23:16:23,2024-05-31 23:16:23,0 days 00:00:00
0x7a250d5630b4cf539739df2c5dacb4c659f2488d,-275239689.82992554,4,{20: 4},2024-05-31 23:17:11,2024-09-18 20:28:23,109 days 21:11:12
0xfb6b4b9949457b1478bfbe7f75a567409b888666,0.0,3,"{19: 1, 0: 2}",2024-08-22 16:21:23,2024-08-23 13:19:35,0 days 20:58:12
0xdac4e8ef1a2550aaa208345e4b4e0d0f7db26dd9,-352420.75999355316,39,"{0: 1, 8: 10, 19: 20, 21: 8}",2024-08-23 13:19:35,2024-09-10 21:41:23,18 days 08:21:48
0xf05da76954205c1cf1a4cd61e884fe2043b6d8f2,-315919.8760763407,50,"{0: 1, 8: 12, 19: 31, 21: 6}",2024-08-23 13:19:35,2024-09-09 16:57:35,17 days 03:38:00
0x289d4ae72a64ff07cb3d80d5520b55ec04ec2aa9,5116714474.220974,155,"{21: 40, 19: 74, 8: 41}",2024-08-23 15:52:23,2024-09-18 10:33:11,25 days 18:40:48
0xc9e78a649ec307bf3952250e5f65b6968fb78fe1,-637149.1826105118,60,"{21: 16, 19: 32, 8: 12}",2024-08-23 18:26:11,2024-09-10 21:41:23,18 days 03:15:12
0x2889388b6808a7fa176fe30448461d3bbc994da6,-742748.7483844757,41,"{19: 23, 8: 8, 21: 10}",2024-08-23 18:27:59,2024-09-11 14:50:47,18 days 20:22:48
0xd1fd52c612167e7151e3ae4ce093f3b3315588f2,-1380781.7849869728,49,"{21: 13, 19: 26, 8: 10}",2024-08-23 22:35:47,2024-09-11 00:10:11,18 days 01:34:24
0xe18159438734295bf8611df8ae91323b992a2bc4,2801974353.0014777,127,"{19: 50, 8: 35, 21: 42}",2024-08-23 22:36:59,2024-09-18 10:34:11,25 days 11:57:12
0x445c37b44405da7aa59ed786050b9a6cb4cf7e2a,-597242.6824951172,55,"{21: 14, 19: 29, 8: 12}",2024-08-24 01:31:47,2024-09-11 13:12:11,18 days 11:40:24
0xf48c6c501cc56f4a09b625518fb529e406824610,-915006.5069622993,52,"{21: 11, 19: 31, 8: 10}",2024-08-24 06:09:35,2024-09-11 04:42:11,17 days 22:32:36
0x2ae4add52a808c5f0472fa405ce662f0848c727b,-215861.50598573685,65,"{19: 34, 8: 14, 21: 17}",2024-08-24 06:12:11,2024-09-11 09:06:11,18 days 02:54:00
0xcc98e9ccaf2d7ade07a96207632edf2719b5ccfc,-815868.0588245392,67,"{21: 15, 19: 37, 8: 15}",2024-08-24 08:07:47,2024-09-11 14:50:47,18 days 06:43:00
0x8a5d8700dd19488d964d202e87b0cc85704054db,165270176.65505934,58,"{5: 29, 7: 29}",2024-08-24 11:13:23,2024-09-11 11:18:11,18 days 00:04:48
0x87c31c658646c874cd81d4f268fb75d86c3e002c,2.384185791015625e-06,47,"{21: 10, 19: 27, 8: 10}",2024-08-24 13:15:35,2024-09-08 20:56:35,15 days 07:41:00
0xf6f1f80f0b7308f5f797c213bbe44e5dbaba476e,-481276.1919789314,42,"{19: 26, 8: 8, 21: 8}",2024-08-24 13:17:23,2024-09-03 16:02:59,10 days 02:45:36
0xab2d1297a6891ee2bec5b3ed926e99159c5a042a,-429842.73926734924,34,"{21: 3, 19: 23, 8: 8}",2024-08-24 14:37:11,2024-09-09 23:36:11,16 days 08:59:00
0x37c3c7d856c4fca78a447929bbee13c100033e18,-449170.3394417763,32,"{21: 7, 19: 18, 8: 7}",2024-08-24 15:22:35,2024-09-05 05:15:11,11 days 13:52:36
0x1127db41c0dd1ca4a19cc47608bcb111c409f120,1806720786.3005905,83,"{21: 31, 19: 22, 8: 30}",2024-08-24 15:38:11,2024-09-18 10:34:59,24 days 18:56:48
0x4d288e1cf270c355baf04595ed9f494c6d4ecf32,-454397.3064684868,37,"{21: 8, 19: 20, 8: 9}",2024-08-24 17:53:23,2024-09-08 13:30:35,14 days 19:37:12
0x76999aed261fc44d04acf027635b96f23eff444e,-294132.6710219383,79,"{21: 26, 19: 25, 8: 28}",2024-08-25 12:51:59,2024-09-17 14:32:11,23 days 01:40:12
0x667ae6c38c09d777a2b60967756d20b11c620b96,-394573.3202328682,38,"{21: 4, 19: 26, 8: 8}",2024-08-25 15:50:11,2024-09-10 06:29:59,15 days 14:39:48
0x2d9bfefc3943900c7d3e74bbcf2ed10fd2a1380a,-1630971.5679950714,39,"{21: 10, 19: 22, 8: 7}",2024-08-25 18:13:35,2024-09-11 11:18:59,16 days 17:05:24
0x2f74539ec09e24749f135247eb24fb56e756f27b,-147333.68656015396,51,"{19: 30, 8: 11, 21: 10}",2024-08-25 18:13:59,2024-09-11 06:34:23,16 days 12:20:24
0x82085d667c6db08495e2dba204654e71761b112e,-239849.2486114502,23,"{21: 5, 19: 13, 8: 5}",2024-08-25 19:10:47,2024-09-08 11:19:35,13 days 16:08:48
0xc9ffb71c1760fbbb49b0cb3f02ca7d5727908315,-430002.0045169592,52,"{21: 15, 19: 26, 8: 11}",2024-08-25 20:30:47,2024-09-10 19:33:23,15 days 23:02:36
0x67ae2f72b74396acbc0a2224eeba20dce0abf605,-243626.60426950455,19,"{21: 5, 19: 10, 8: 4}",2024-08-26 07:58:11,2024-09-06 20:52:59,11 days 12:54:48
0xd158bdb894ed38c2e99f6b64f36d356280bbc6c4,-669816.5625576973,35,"{21: 8, 19: 20, 8: 7}",2024-08-26 15:14:59,2024-09-10 21:41:23,15 days 06:26:24
0x047bf2d1e85edb7a56412b067afa07312477ff5d,-1057744.8141083717,28,"{21: 6, 19: 15, 8: 7}",2024-08-27 18:28:59,2024-09-11 04:42:11,14 days 10:13:12
0x05c996664fbf25c8225a8963f158eee4a90632a5,-233865.04737997055,35,"{21: 10, 19: 18, 8: 7}",2024-08-28 06:43:59,2024-09-11 02:09:23,13 days 19:25:24
0x832fece91aadbff307ae3740bb35727d5f3c6148,-232339.2555487156,33,"{19: 18, 8: 6, 21: 9}",2024-08-28 06:44:59,2024-09-09 14:52:11,12 days 08:07:12
0xe0e37218e31caaeb69ecd8523394718f074d87c7,-298000.23932504654,36,"{19: 24, 8: 9, 21: 3}",2024-08-30 06:46:59,2024-09-10 06:29:59,10 days 23:43:00
0x5d8ab66b9df02d8e9fffe7bb8739b1efccd57f8a,-205423.37473011017,19,"{21: 4, 19: 10, 8: 5}",2024-08-30 13:24:59,2024-09-10 01:56:35,10 days 12:31:36
