From,To,0
0x0000000000000000000000000000000000000000,0x72ad95c3b65a0da6826b336c104a929d1e676bf3,1
0x0000002e05c03f1940141972c7bf14dab3ad6111,WETHContract,2
0x000014b76f74463b87ebcd8632a03d577c9b6111,WETHContract,2
0x0001166915b5d94b443e65f7398323a1b8adf111,WETHContract,1
0x0001de82c696b6b18f0a401de0463ebb3c631111,WETHContract,2
0x0002a1e702b0bfcdf8f9e10f5e1ce99bfeb4a111,WETHContract,2
0x00034187c8d0d887821587573586f75624c5e111,WETHContract,2
0x000461a73d3985eef4923655782aa5d0de75c111,WETHContract,2
0x0006d09df7b0e8dce98463b95439475fcec29111,WETHContract,1
0x00077705952c90b728c6d7dc450beb4429331111,WETHContract,2
0x0007b980c03f153a94ddcd796f548ee216ded111,WETHContract,2
0x000a2e6e9552fdfd57275f882c369894e7957111,WETHContract,2
0x000a607b0c5ea26b3f24e8c78738c56c61235111,WETHContract,1
0x000ae1e2ba3624208300605d7919d6c4803c6111,WETHContract,1
0x000c1fa092591c77c86e3ebd39a4b82f52171111,WETHContract,1
0x000f143bd24c0d7aff43de524cb32c2f5a752171,WETHContract,1
0x000f5446f20f27bc4826a32ec05235a4215e6111,WETHContract,2
0x0042d6a66560fc330016e3e0ac8650f61836dafd,WETHContract,1
0x00642820ce8b8b6d4f650697a18ce169680717cf,WETHContract,1
0x0071c1b45565496d913f6e3b78437843adad84db,WETHContract,6
0x00d4b9c9d02991c5d9b1b1448f883be82654f28c,WETHContract,1
0x00fdf1e1ed8b5fb86c8fc9bc5f0639820187cb05,WETHContract,1
0x02461e4b454b745f8c4d921636814e3db70805ee,WETHContract,1
0x041d7e007b6841b9e6d5e236e78b6c01ab66659a,WETHContract,1
0x04776104757d207ca07a9b42fc720eb84ec937b4,WETHContract,1
0x047bf2d1e85edb7a56412b067afa07312477ff5d,0x2889388b6808a7fa176fe30448461d3bbc994da6,1
0x047bf2d1e85edb7a56412b067afa07312477ff5d,0x289d4ae72a64ff07cb3d80d5520b55ec04ec2aa9,1
0x047bf2d1e85edb7a56412b067afa07312477ff5d,0x2d9bfefc3943900c7d3e74bbcf2ed10fd2a1380a,1
0x047bf2d1e85edb7a56412b067afa07312477ff5d,0x2f74539ec09e24749f135247eb24fb56e756f27b,1
0x047bf2d1e85edb7a56412b067afa07312477ff5d,0xc9ffb71c1760fbbb49b0cb3f02ca7d5727908315,1
0x047bf2d1e85edb7a56412b067afa07312477ff5d,0xf6f1f80f0b7308f5f797c213bbe44e5dbaba476e,2
0x047bf2d1e85edb7a56412b067afa07312477ff5d,WETHContract,7
0x04a39af7cb0349c76b56dade3205a228044ee431,WETHContract,1
0x05c996664fbf25c8225a8963f158eee4a90632a5,0x047bf2d1e85edb7a56412b067afa07312477ff5d,2
0x05c996664fbf25c8225a8963f158eee4a90632a5,0x289d4ae72a64ff07cb3d80d5520b55ec04ec2aa9,1
0x05c996664fbf25c8225a8963f158eee4a90632a5,0x87c31c658646c874cd81d4f268fb75d86c3e002c,1
0x05c996664fbf25c8225a8963f158eee4a90632a5,0xc9ffb71c1760fbbb49b0cb3f02ca7d5727908315,1
0x05c996664fbf25c8225a8963f158eee4a90632a5,0xcc98e9ccaf2d7ade07a96207632edf2719b5ccfc,1
0x05c996664fbf25c8225a8963f158eee4a90632a5,0xf48c6c501cc56f4a09b625518fb529e406824610,2
0x05c996664fbf25c8225a8963f158eee4a90632a5,0xf6f1f80f0b7308f5f797c213bbe44e5dbaba476e,1
0x05c996664fbf25c8225a8963f158eee4a90632a5,WETHContract,7
0x061ed36d0d3c96e9a3e5811c76d1d10c8bc3b8b7,WETHContract,1
0x06539c73ad05e5fec431485e8908104c8c2a086a,WETHContract,1
0x068ffa6bb53f9a26a8a0350d19ca3450544f0344,WETHContract,1
0x06e8b59c2c6c761416dea1014600e88ecd34c783,WETHContract,1
0x071ee091ad119b55aa932905cba0ce2665c8c1ea,WETHContract,1
0x07c955e07c35459fb2f1b6fb972659b282a00ecd,WETHContract,1
0x07cf2df49f989974150ad00796c5c42bc70c151b,WETHContract,1
0x087542ff819de1cbf7d6f102852ce90b1d589e8a,WETHContract,1
0x08c417b989114c97af15458e2ecbdf56d13b3036,WETHContract,1
0x0a1bf921010fa5354ab27d3ee0b2e845df2efa51,WETHContract,1
0x0a3026ddea0352352aeacfcbedc612e3319ebbf8,WETHContract,4
0x0ba5f38d949be37b5af84a527c13e8d7095d8639,WETHContract,1
0x0bb454c2d4e642a5c18f1b3db4d020ba202907df,WETHContract,1
0x0c94097c460bcf30da8a5568ffbc5356e876d9ff,WETHContract,1
0x0d5958f7a90dee9315b1acd57825b6592cda699a,WETHContract,1
0x0dd692f37c21fbaef782cbc9fb7fd1ede6a50937,WETHContract,1
0x0df2cef5ee31b58deae39b5486b438c6d6266777,WETHContract,2
0x0e215fb836c685b2d40e8a5852c8890d0dc0f0fb,WETHContract,1
0x0e29a1ae96340752bcb06dca755cbc1e6a0101cb,WETHContract,1
0x0ed77d94d94f2e41deafc6c7ca5da5f898414f55,WETHContract,1
0x101745af21d0f0fa93f1758f38c252a1175b9941,WETHContract,1
0x1127db41c0dd1ca4a19cc47608bcb111c409f120,0x289d4ae72a64ff07cb3d80d5520b55ec04ec2aa9,7
0x1127db41c0dd1ca4a19cc47608bcb111c409f120,0x76999aed261fc44d04acf027635b96f23eff444e,2
0x1127db41c0dd1ca4a19cc47608bcb111c409f120,0xcc98e9ccaf2d7ade07a96207632edf2719b5ccfc,1
0x1127db41c0dd1ca4a19cc47608bcb111c409f120,0xe18159438734295bf8611df8ae91323b992a2bc4,3
0x1127db41c0dd1ca4a19cc47608bcb111c409f120,0xf48c6c501cc56f4a09b625518fb529e406824610,1
0x1127db41c0dd1ca4a19cc47608bcb111c409f120,WETHContract,30
0x11462ae853e26f118cb56accd1661a6bb3daecc9,WETHContract,2
0x11712e2d0da1fc9ee8ba038a484abb3870adba20,WETHContract,1
0x1234567fe5adc6dfad0ea285df5b98ee8fa7355c,WETHContract,1
0x123791770351ccfcc96a3dba2658fe4200a66584,WETHContract,1
0x13c0f0edf71414f184f8134e2c773fd7ce0293bb,WETHContract,1
0x13e8d8c27f92f11731b6cfec799e2c7b64b3fbab,WETHContract,1
0x143659c9ede0782e235cdd21f59e3e8a5867e0d9,WETHContract,2
0x145e9873f093b3b2d2e5c03a2b04b673e0985f48,WETHContract,1
0x14c1373ad2d02cf1f952cb91d1570fd57ac11ecd,WETHContract,1
0x15cc1a7b548b5855dd1312f5e0a60aa87b68ab11,WETHContract,1
0x16c6f731f2a44958754829144a39c50ac491455d,WETHContract,1
0x16d3ec52f18671286a5e3bbe3689c936238003f0,WETHContract,1
0x17085202dc682fdcfa66114e9bd945a05f72c24f,WETHContract,1
0x1725d59d72fd581b83056cbcb29b86804e462783,WETHContract,1
0x173734a7a4e3cf170553b37a21eacfb9a92b1933,WETHContract,1
0x1787035c93f88c7989336ecf35ac68550fc60e6a,WETHContract,1
0x17c2e1598d4583c12b50c6ce668f778fcca08d38,WETHContract,1
0x17dfe336f7c9a6855d89d28a33367483c88a5fdc,WETHContract,1
0x182b62cd0bbc082e8f7eca0f2e1c5802c24d3317,WETHContract,1
0x186f5c42095b10a67f4a83fdcd1f6faf720342cf,WETHContract,1
0x18a0a25a8c1aad394f70bccf1bf8be107236eebb,WETHContract,1
0x193e75b60a4ca8bc842dc28604afc6c41afe972a,WETHContract,1
0x19ce3f049bb614606e72049a91f4a8a4257def4d,WETHContract,1
0x1af9b856246a13699354578a01701e3d1f1c8200,WETHContract,6
0x1b4d19e1fe25c5b3b4d1b4c98b530f9895993164,WETHContract,1
0x1c1cb9f364cbe40687413e4a76d7e7070a24e12d,WETHContract,1
0x1e420292c637b3704e7e900c6e33af9738f79afc,WETHContract,1
0x1e480ac9f07e757a8b08ce96f8ced1ac03037332,WETHContract,1
0x1f4ac5c1535f6b30cda57f353d88a1e5714fac1d,WETHContract,1
0x1fd230423888473d1bd2047d0d330f785228cfcd,WETHContract,1
0x22151708f205a7c4b2cf9bbb470b68476a82c693,WETHContract,2
0x22a91690022341301256127475d5e5d37e3e3e27,WETHContract,1
0x232b7845f69c1deeff8f7b3964bf909fd4973de6,WETHContract,1
0x234567b2be7b281205e577c15fe5022eea2d5725,WETHContract,2
0x2461c01589b51365e6532db0af473217d25fb51a,WETHContract,1
0x24eca210afee728eb7e8e35642ed1582ff605a84,WETHContract,2
0x254019cb2b2f466d4c2fd9dd445ed36535c0d3c0,WETHContract,1
0x2551d9aa47acd6dbee342920860de9b01f0730c8,WETHContract,1
0x25a4bd326ea59e53fa8323cf7e71e15686186368,WETHContract,1
0x2660d8f260eef09e5be93f11e85f1efa7c4bda1f,WETHContract,1
0x268dec53b71a2e688638419e9a0fc6204cd716ef,WETHContract,1
0x26ca49197e15b70ad838aebbcd3aefe5cd0eb749,0x5dc886b8241ef5a46d1b0447aabef8366f8944c6,1
0x26ca49197e15b70ad838aebbcd3aefe5cd0eb749,0xd6a22534b5ec663c686cfb0dda24126f8b7c6e6f,2
0x26ca49197e15b70ad838aebbcd3aefe5cd0eb749,WETHContract,5
0x275121b5734bdae3bd97da0fe37f47450656cb13,WETHContract,1
0x2889388b6808a7fa176fe30448461d3bbc994da6,0x289d4ae72a64ff07cb3d80d5520b55ec04ec2aa9,1
0x2889388b6808a7fa176fe30448461d3bbc994da6,0xab2d1297a6891ee2bec5b3ed926e99159c5a042a,1
0x2889388b6808a7fa176fe30448461d3bbc994da6,0xd1fd52c612167e7151e3ae4ce093f3b3315588f2,1
0x2889388b6808a7fa176fe30448461d3bbc994da6,0xe0e37218e31caaeb69ecd8523394718f074d87c7,1
0x2889388b6808a7fa176fe30448461d3bbc994da6,0xe18159438734295bf8611df8ae91323b992a2bc4,2
0x2889388b6808a7fa176fe30448461d3bbc994da6,0xf05da76954205c1cf1a4cd61e884fe2043b6d8f2,2
0x2889388b6808a7fa176fe30448461d3bbc994da6,0xf48c6c501cc56f4a09b625518fb529e406824610,1
0x2889388b6808a7fa176fe30448461d3bbc994da6,0xf6f1f80f0b7308f5f797c213bbe44e5dbaba476e,2
0x2889388b6808a7fa176fe30448461d3bbc994da6,WETHContract,8
0x289d4ae72a64ff07cb3d80d5520b55ec04ec2aa9,0x047bf2d1e85edb7a56412b067afa07312477ff5d,1
0x289d4ae72a64ff07cb3d80d5520b55ec04ec2aa9,0x1127db41c0dd1ca4a19cc47608bcb111c409f120,5
0x289d4ae72a64ff07cb3d80d5520b55ec04ec2aa9,0x2889388b6808a7fa176fe30448461d3bbc994da6,1
0x289d4ae72a64ff07cb3d80d5520b55ec04ec2aa9,0x289d4ae72a64ff07cb3d80d5520b55ec04ec2aa9,5
0x289d4ae72a64ff07cb3d80d5520b55ec04ec2aa9,0x2ae4add52a808c5f0472fa405ce662f0848c727b,1
0x289d4ae72a64ff07cb3d80d5520b55ec04ec2aa9,0x37c3c7d856c4fca78a447929bbee13c100033e18,1
0x289d4ae72a64ff07cb3d80d5520b55ec04ec2aa9,0x4d288e1cf270c355baf04595ed9f494c6d4ecf32,1
0x289d4ae72a64ff07cb3d80d5520b55ec04ec2aa9,0x76999aed261fc44d04acf027635b96f23eff444e,3
0x289d4ae72a64ff07cb3d80d5520b55ec04ec2aa9,0x82085d667c6db08495e2dba204654e71761b112e,1
0x289d4ae72a64ff07cb3d80d5520b55ec04ec2aa9,0x87c31c658646c874cd81d4f268fb75d86c3e002c,1
0x289d4ae72a64ff07cb3d80d5520b55ec04ec2aa9,0xab2d1297a6891ee2bec5b3ed926e99159c5a042a,1
0x289d4ae72a64ff07cb3d80d5520b55ec04ec2aa9,0xc9e78a649ec307bf3952250e5f65b6968fb78fe1,1
0x289d4ae72a64ff07cb3d80d5520b55ec04ec2aa9,0xc9ffb71c1760fbbb49b0cb3f02ca7d5727908315,1
0x289d4ae72a64ff07cb3d80d5520b55ec04ec2aa9,0xd158bdb894ed38c2e99f6b64f36d356280bbc6c4,1
0x289d4ae72a64ff07cb3d80d5520b55ec04ec2aa9,0xd1fd52c612167e7151e3ae4ce093f3b3315588f2,1
0x289d4ae72a64ff07cb3d80d5520b55ec04ec2aa9,0xdac4e8ef1a2550aaa208345e4b4e0d0f7db26dd9,2
0x289d4ae72a64ff07cb3d80d5520b55ec04ec2aa9,0xe0e37218e31caaeb69ecd8523394718f074d87c7,1
0x289d4ae72a64ff07cb3d80d5520b55ec04ec2aa9,0xe18159438734295bf8611df8ae91323b992a2bc4,6
0x289d4ae72a64ff07cb3d80d5520b55ec04ec2aa9,0xf48c6c501cc56f4a09b625518fb529e406824610,1
0x289d4ae72a64ff07cb3d80d5520b55ec04ec2aa9,WETHContract,41
0x2aa460bce4bd548fe402c8797de1db122fbcd7b6,WETHContract,1
0x2ae4add52a808c5f0472fa405ce662f0848c727b,0x2889388b6808a7fa176fe30448461d3bbc994da6,1
0x2ae4add52a808c5f0472fa405ce662f0848c727b,0x2d9bfefc3943900c7d3e74bbcf2ed10fd2a1380a,2
0x2ae4add52a808c5f0472fa405ce662f0848c727b,0x2f74539ec09e24749f135247eb24fb56e756f27b,1
0x2ae4add52a808c5f0472fa405ce662f0848c727b,0x4d288e1cf270c355baf04595ed9f494c6d4ecf32,1
0x2ae4add52a808c5f0472fa405ce662f0848c727b,0x5d8ab66b9df02d8e9fffe7bb8739b1efccd57f8a,1
0x2ae4add52a808c5f0472fa405ce662f0848c727b,0x67ae2f72b74396acbc0a2224eeba20dce0abf605,1
0x2ae4add52a808c5f0472fa405ce662f0848c727b,0x82085d667c6db08495e2dba204654e71761b112e,1
0x2ae4add52a808c5f0472fa405ce662f0848c727b,0x87c31c658646c874cd81d4f268fb75d86c3e002c,1
0x2ae4add52a808c5f0472fa405ce662f0848c727b,0xc9e78a649ec307bf3952250e5f65b6968fb78fe1,3
0x2ae4add52a808c5f0472fa405ce662f0848c727b,0xcc98e9ccaf2d7ade07a96207632edf2719b5ccfc,2
0x2ae4add52a808c5f0472fa405ce662f0848c727b,0xd158bdb894ed38c2e99f6b64f36d356280bbc6c4,1
0x2ae4add52a808c5f0472fa405ce662f0848c727b,0xf48c6c501cc56f4a09b625518fb529e406824610,3
0x2ae4add52a808c5f0472fa405ce662f0848c727b,WETHContract,14
0x2b399ae50c89ee610088717f6e22639b87d79309,WETHContract,1
0x2b6d280eaa0b52021b1ab997589f341673d34413,WETHContract,1
0x2bcc8350f1563b38ea62a8ba7d19bd89d6c77ce1,WETHContract,1
0x2ca0a70c185d9edb61c4f5781c8f91696ab26651,WETHContract,1
0x2d9bfefc3943900c7d3e74bbcf2ed10fd2a1380a,0x445c37b44405da7aa59ed786050b9a6cb4cf7e2a,1
0x2d9bfefc3943900c7d3e74bbcf2ed10fd2a1380a,0x4d288e1cf270c355baf04595ed9f494c6d4ecf32,1
0x2d9bfefc3943900c7d3e74bbcf2ed10fd2a1380a,0x667ae6c38c09d777a2b60967756d20b11c620b96,1
0x2d9bfefc3943900c7d3e74bbcf2ed10fd2a1380a,0x67ae2f72b74396acbc0a2224eeba20dce0abf605,1
0x2d9bfefc3943900c7d3e74bbcf2ed10fd2a1380a,0x87c31c658646c874cd81d4f268fb75d86c3e002c,1
0x2d9bfefc3943900c7d3e74bbcf2ed10fd2a1380a,0xab2d1297a6891ee2bec5b3ed926e99159c5a042a,3
0x2d9bfefc3943900c7d3e74bbcf2ed10fd2a1380a,0xc9ffb71c1760fbbb49b0cb3f02ca7d5727908315,1
0x2d9bfefc3943900c7d3e74bbcf2ed10fd2a1380a,0xcc98e9ccaf2d7ade07a96207632edf2719b5ccfc,1
0x2d9bfefc3943900c7d3e74bbcf2ed10fd2a1380a,0xe0e37218e31caaeb69ecd8523394718f074d87c7,1
0x2d9bfefc3943900c7d3e74bbcf2ed10fd2a1380a,0xf05da76954205c1cf1a4cd61e884fe2043b6d8f2,1
0x2d9bfefc3943900c7d3e74bbcf2ed10fd2a1380a,0xf48c6c501cc56f4a09b625518fb529e406824610,1
0x2d9bfefc3943900c7d3e74bbcf2ed10fd2a1380a,WETHContract,7
0x2f74539ec09e24749f135247eb24fb56e756f27b,0x2ae4add52a808c5f0472fa405ce662f0848c727b,2
0x2f74539ec09e24749f135247eb24fb56e756f27b,0x445c37b44405da7aa59ed786050b9a6cb4cf7e2a,1
0x2f74539ec09e24749f135247eb24fb56e756f27b,0x5d8ab66b9df02d8e9fffe7bb8739b1efccd57f8a,1
0x2f74539ec09e24749f135247eb24fb56e756f27b,0x667ae6c38c09d777a2b60967756d20b11c620b96,3
0x2f74539ec09e24749f135247eb24fb56e756f27b,0x67ae2f72b74396acbc0a2224eeba20dce0abf605,1
0x2f74539ec09e24749f135247eb24fb56e756f27b,0x832fece91aadbff307ae3740bb35727d5f3c6148,1
0x2f74539ec09e24749f135247eb24fb56e756f27b,0xab2d1297a6891ee2bec5b3ed926e99159c5a042a,1
0x2f74539ec09e24749f135247eb24fb56e756f27b,0xc9e78a649ec307bf3952250e5f65b6968fb78fe1,2
0x2f74539ec09e24749f135247eb24fb56e756f27b,0xcc98e9ccaf2d7ade07a96207632edf2719b5ccfc,2
0x2f74539ec09e24749f135247eb24fb56e756f27b,0xd1fd52c612167e7151e3ae4ce093f3b3315588f2,1
0x2f74539ec09e24749f135247eb24fb56e756f27b,WETHContract,11
0x2f8e67afef92442f6783501ad220c17cfc1af8b4,WETHContract,1
0x3078dceb9923c6cd93a26e3f88c9dbe7646c17b9,WETHContract,1
0x3159b7dbbbc57f006726b4a676e1e0004b23f825,WETHContract,1
0x32199ae96d481f6a71c0afde14e445c6677824d3,WETHContract,1
0x33ace673d92fe4f580fb1b5fb39ea37301ebeafc,WETHContract,1
0x3456788a82bbed039eb891586dd053ec6150ebf8,WETHContract,2
0x3458481b9b1e419e2e76a95b7a07747ac5d56e32,WETHContract,1
0x34600b27ed6e9fca07e456dbf4f1eed83b79fa10,WETHContract,1
0x35505b5d816d0781b9e51b0d1297531ffc7ee793,WETHContract,1
0x37c3c7d856c4fca78a447929bbee13c100033e18,0x2f74539ec09e24749f135247eb24fb56e756f27b,1
0x37c3c7d856c4fca78a447929bbee13c100033e18,0x445c37b44405da7aa59ed786050b9a6cb4cf7e2a,2
0x37c3c7d856c4fca78a447929bbee13c100033e18,0x4d288e1cf270c355baf04595ed9f494c6d4ecf32,1
0x37c3c7d856c4fca78a447929bbee13c100033e18,0xab2d1297a6891ee2bec5b3ed926e99159c5a042a,1
0x37c3c7d856c4fca78a447929bbee13c100033e18,0xcc98e9ccaf2d7ade07a96207632edf2719b5ccfc,3
0x37c3c7d856c4fca78a447929bbee13c100033e18,0xdac4e8ef1a2550aaa208345e4b4e0d0f7db26dd9,1
0x37c3c7d856c4fca78a447929bbee13c100033e18,0xf48c6c501cc56f4a09b625518fb529e406824610,1
0x37c3c7d856c4fca78a447929bbee13c100033e18,WETHContract,7
0x38c7bfa9af9bf19ad086ff1895a6502fc2b9f3f1,WETHContract,1
0x38e55d4843ba8be061ab73b0c7f1f1caf768ef2d,WETHContract,1
0x39435169109c98fad350b60efb6ba5a0db5cc77d,WETHContract,1
0x39aaca8f399c6eca87ee5cc14c485944cc46a8d5,WETHContract,1
0x3a25c0c5278a4750814611807723442d52a57c54,WETHContract,1
0x3a48256005d89f0a7c2d3b8654930de52313ffa0,WETHContract,2
0x3a9b84c472ca29cb30d561c14beaa16ea17e49fb,WETHContract,1
0x3b72fe31f84fc3b508bcac719afc962e6f234c68,WETHContract,1
0x3c86d511803afb9b7478a15527274f9b464bab89,WETHContract,1
0x3cbee8e831e02f7f4c86a411c5be32b0ca55a418,WETHContract,1
0x3eb81b24f5c89fe0119998bb8772413d32fec77c,WETHContract,2
0x3ef1e97803102e88add539c48eb5609867fde593,WETHContract,1
0x3fd4704c4ba87354d05a598e5db4b955a8075cb8,WETHContract,1
0x401d4994c06cafea0ba15ed9c9e4fc7bc09ca94f,WETHContract,2
0x40abd651a49f789d4e8f18924a321bfab57f6676,WETHContract,2
0x40d3e083b385546e55da7e2b767c64cdeea7eaad,WETHContract,1
0x410a587956c6da5dfb31c6a9a4c394e80723ac13,WETHContract,1
0x416205d2374549d849cb9f6a1b6a3fd8ba081e01,WETHContract,1
0x4177e4d1c0b32d62817b53b9a845308e4b534798,WETHContract,1
0x41a67499723a8f43d2c2bb73a9a151aa7c3bb377,WETHContract,1
0x42acc0fd795a7d1ef1cacecb0df6c82fcd0eef18,WETHContract,1
0x42eece1f02988e536835522f1143a6ae58303bc1,WETHContract,1
0x42f3a6f1dd137b6505d2858c00649234482cbbff,WETHContract,1
0x42f8fa360395f17b4d277a810cd24827af6b6ad5,WETHContract,1
0x430649802221445131799bf61b2ebd0cdb6fbb7e,WETHContract,1
0x43629d7c9aed1ce88bf96311ccaf65b7aac8432f,WETHContract,1
0x445c37b44405da7aa59ed786050b9a6cb4cf7e2a,0x2889388b6808a7fa176fe30448461d3bbc994da6,1
0x445c37b44405da7aa59ed786050b9a6cb4cf7e2a,0x289d4ae72a64ff07cb3d80d5520b55ec04ec2aa9,1
0x445c37b44405da7aa59ed786050b9a6cb4cf7e2a,0x2ae4add52a808c5f0472fa405ce662f0848c727b,2
0x445c37b44405da7aa59ed786050b9a6cb4cf7e2a,0x2f74539ec09e24749f135247eb24fb56e756f27b,1
0x445c37b44405da7aa59ed786050b9a6cb4cf7e2a,0x37c3c7d856c4fca78a447929bbee13c100033e18,1
0x445c37b44405da7aa59ed786050b9a6cb4cf7e2a,0x667ae6c38c09d777a2b60967756d20b11c620b96,1
0x445c37b44405da7aa59ed786050b9a6cb4cf7e2a,0x76999aed261fc44d04acf027635b96f23eff444e,2
0x445c37b44405da7aa59ed786050b9a6cb4cf7e2a,0xab2d1297a6891ee2bec5b3ed926e99159c5a042a,1
0x445c37b44405da7aa59ed786050b9a6cb4cf7e2a,0xc9e78a649ec307bf3952250e5f65b6968fb78fe1,1
0x445c37b44405da7aa59ed786050b9a6cb4cf7e2a,0xcc98e9ccaf2d7ade07a96207632edf2719b5ccfc,1
0x445c37b44405da7aa59ed786050b9a6cb4cf7e2a,0xd158bdb894ed38c2e99f6b64f36d356280bbc6c4,3
0x445c37b44405da7aa59ed786050b9a6cb4cf7e2a,WETHContract,12
0x44a6bfacc3d7290d6265e7c569016ba7a2d931a7,WETHContract,2
0x4519b9b604b753f58152ae89fcc3e5bca4856dbd,WETHContract,2
0x45678944da950a8a53fb474c459540314f98fa99,WETHContract,1
0x478fafe57926ba2d45aeb88eecc6c11e6f162eb2,WETHContract,1
0x47c03ef00ccb55220ac8bb032acf4dc4c83b9f44,WETHContract,1
0x47d8750325dfde813fd1be5d4c271293cd178504,WETHContract,1
0x48252b99301b4f7e5f8fabba50ed848bf12bd9ce,WETHContract,1
0x4883d497b43e981cffa0c15c0008e0c9413af57a,WETHContract,1
0x49ad01485006377520949d5026ef72e0c49868e2,WETHContract,1
0x49dea2b9bcca803df861023c7b8f40797e790139,WETHContract,1
0x4a4800489cacc14ad746ff0eba9dec72844f85ec,WETHContract,1
0x4a749596111dd107461db557690bcafce3f2cb6a,WETHContract,1
0x4a9950aec5ba23d765db2c91962ef0ca8009db5b,WETHContract,1
0x4b23188b10f90992168d18ba76be7f413d111111,WETHContract,1
0x4d288e1cf270c355baf04595ed9f494c6d4ecf32,0x2ae4add52a808c5f0472fa405ce662f0848c727b,1
0x4d288e1cf270c355baf04595ed9f494c6d4ecf32,0x2d9bfefc3943900c7d3e74bbcf2ed10fd2a1380a,1
0x4d288e1cf270c355baf04595ed9f494c6d4ecf32,0x2f74539ec09e24749f135247eb24fb56e756f27b,1
0x4d288e1cf270c355baf04595ed9f494c6d4ecf32,0xc9ffb71c1760fbbb49b0cb3f02ca7d5727908315,1
0x4d288e1cf270c355baf04595ed9f494c6d4ecf32,0xe18159438734295bf8611df8ae91323b992a2bc4,4
0x4d288e1cf270c355baf04595ed9f494c6d4ecf32,WETHContract,9
0x4dc3d297e0841216766c87eaec5aa4329b222222,WETHContract,1
0x4e81fb2b4a7c5fc279fc2086b3322bb3dc3c12b6,WETHContract,1
0x4f73443e497d66a82793eb7b8d8c3836c62d70b8,WETHContract,1
0x4fa066726e883c6f5ec21b9a26659ab5ae149cf7,WETHContract,1
0x5199a2c955e3a89fe3483306c9e451d7a54bc3f4,WETHContract,1
0x51a96f979e3c44d0251d1530ce23b39b614f23e9,WETHContract,1
0x521e7de181749869be069a108df36ab53860860e,WETHContract,1
0x52c2f7b1e1ed87b990b13d9b03b53360864d0be9,WETHContract,1
0x52f51044db0001ec8315ffdb95977b0f57f8bc56,WETHContract,1
0x53031ef485de13979bbc76fd56e85699adc1593c,WETHContract,2
0x53418b5daf3aa2f6e9ce86ed16df699ed3f00c83,WETHContract,1
0x541ca077e6f7222df07634d6a429b05a7d0ae520,WETHContract,1
0x55522e44597f79605dd245989dbdea0edbcf9aaf,WETHContract,2
0x55550c03b0c9b87002c4351e1958cc588578a5fa,WETHContract,1
0x555522400e9a0db505f0ad8e27f013dffc86acbb,WETHContract,1
0x55552f97ad55474f3095e893db2c610ca55e5b96,WETHContract,1
0x555554b1ffb320bad74180e399b479617e27d1ff,WETHContract,1
0x55555e3fde2841002cc1c91203a1f54df11dbed7,WETHContract,1
0x555565d92153226d3bdf6adb1a9b5cab77a16dca,WETHContract,1
0x55558764731a3127b9f334eac78d74d49f894dcb,WETHContract,1
0x5555f5a5096f9e26b1a9e001b87496e2fe8f33ad,WETHContract,1
0x5593c6edb33e4e39023bb357730001a87841b30d,WETHContract,2
0x55deaa6444e135f775f1bc9b4ad543104996cd1f,WETHContract,1
0x55f5fcb304f1d59750f89fdcdfccd8068a6d71d5,WETHContract,1
0x5638484ba2d2f1d1d35020572b0aa439a9869192,WETHContract,1
0x56789162c3eb22ec63e43862ef918e22e3fde3dc,WETHContract,1
0x56c0213d75d740ee069922b13779cd74e1dcd0b8,WETHContract,2
0x56c1de63a188f1c4588819cb33e5ce8f229d3ddc,WETHContract,1
0x58072eaebb812689705765724a1ffc354e04a2be,WETHContract,1
0x58bf14b8e9aedd33f8dcd0eb7242d754dd832e4b,WETHContract,1
0x58cbefb3a78015b3ee9059f85d597e88e275df9b,WETHContract,1
0x5af384fd7a7399675b5a299d6906da34b9564049,WETHContract,1
0x5b0a6040584fb82114f653575bf1fb155ed4af86,WETHContract,1
0x5d8ab66b9df02d8e9fffe7bb8739b1efccd57f8a,0x2ae4add52a808c5f0472fa405ce662f0848c727b,1
0x5d8ab66b9df02d8e9fffe7bb8739b1efccd57f8a,0xc9ffb71c1760fbbb49b0cb3f02ca7d5727908315,1
0x5d8ab66b9df02d8e9fffe7bb8739b1efccd57f8a,0xe0e37218e31caaeb69ecd8523394718f074d87c7,1
0x5d8ab66b9df02d8e9fffe7bb8739b1efccd57f8a,0xf05da76954205c1cf1a4cd61e884fe2043b6d8f2,1
0x5d8ab66b9df02d8e9fffe7bb8739b1efccd57f8a,0xf6f1f80f0b7308f5f797c213bbe44e5dbaba476e,1
0x5d8ab66b9df02d8e9fffe7bb8739b1efccd57f8a,WETHContract,5
0x5dc886b8241ef5a46d1b0447aabef8366f8944c6,0x0071c1b45565496d913f6e3b78437843adad84db,2
0x5dc886b8241ef5a46d1b0447aabef8366f8944c6,0x26ca49197e15b70ad838aebbcd3aefe5cd0eb749,3
0x5dc886b8241ef5a46d1b0447aabef8366f8944c6,0x43629d7c9aed1ce88bf96311ccaf65b7aac8432f,2
0x5dc886b8241ef5a46d1b0447aabef8366f8944c6,0xd6a22534b5ec663c686cfb0dda24126f8b7c6e6f,2
0x5dc886b8241ef5a46d1b0447aabef8366f8944c6,WETHContract,1
0x5e2f391a4db2b6fb1ac6a7d126996a109e1362c4,WETHContract,1
0x5ea2f0fba21dc0c3400dcc5231fffcd9175c58f0,WETHContract,1
0x6057645f05a6ddca258d6e5e3c95de66395ea295,WETHContract,1
0x609ae2f33eeb3490e3d0312da8e45f6c136fcb0c,WETHContract,1
0x60ad40aa82ba77e0050673434788a7f235865741,WETHContract,1
0x61374ce70fc1bb7cc56ac2b5eacaf21846afb4a2,WETHContract,1
0x61932210c502b28fcaeb22f6abbb34bc276d8ed6,WETHContract,1
0x629a7795d35bf0fdc73bd8b5ba1db021a8fa7d84,WETHContract,1
0x62c6050a9421c4167d208291377d7eacae64a793,WETHContract,5
0x62f430f8ab6d79e441f59960034209ce2f8b3c81,WETHContract,1
0x632d7948ec95b8f96fdfe7b5068643cb7f91ad21,WETHContract,1
0x6351b8237d83ce32c694e545c57708f557c6006c,WETHContract,1
0x63a4cb39b0d34635263017282769b62bc07d2a91,WETHContract,1
0x63e9de385887b6d00ea10a787343b763efd31e1d,WETHContract,1
0x643d56a4503cf97a573dcbc52a76f80454492f92,WETHContract,1
0x64aaa3fe964c7be62f7b186ceb34dba1459b3245,WETHContract,3
0x64b41e3e3b39d41ea43b8111bbc18d8d700fa023,WETHContract,2
0x6552d32c1a0563d6bd434c761771341058862f78,WETHContract,1
0x65e9031aa186f6aec29115ca1382a11341840c64,WETHContract,1
0x667ae6c38c09d777a2b60967756d20b11c620b96,0x05c996664fbf25c8225a8963f158eee4a90632a5,1
0x667ae6c38c09d777a2b60967756d20b11c620b96,0x2889388b6808a7fa176fe30448461d3bbc994da6,1
0x667ae6c38c09d777a2b60967756d20b11c620b96,0x289d4ae72a64ff07cb3d80d5520b55ec04ec2aa9,1
0x667ae6c38c09d777a2b60967756d20b11c620b96,0x2d9bfefc3943900c7d3e74bbcf2ed10fd2a1380a,1
0x667ae6c38c09d777a2b60967756d20b11c620b96,0x2f74539ec09e24749f135247eb24fb56e756f27b,1
0x667ae6c38c09d777a2b60967756d20b11c620b96,0x37c3c7d856c4fca78a447929bbee13c100033e18,1
0x667ae6c38c09d777a2b60967756d20b11c620b96,0x445c37b44405da7aa59ed786050b9a6cb4cf7e2a,1
0x667ae6c38c09d777a2b60967756d20b11c620b96,0x82085d667c6db08495e2dba204654e71761b112e,1
0x667ae6c38c09d777a2b60967756d20b11c620b96,0x832fece91aadbff307ae3740bb35727d5f3c6148,1
0x667ae6c38c09d777a2b60967756d20b11c620b96,0xab2d1297a6891ee2bec5b3ed926e99159c5a042a,1
0x667ae6c38c09d777a2b60967756d20b11c620b96,0xd158bdb894ed38c2e99f6b64f36d356280bbc6c4,1
0x667ae6c38c09d777a2b60967756d20b11c620b96,0xd1fd52c612167e7151e3ae4ce093f3b3315588f2,1
0x667ae6c38c09d777a2b60967756d20b11c620b96,WETHContract,8
0x6707fe36f04e37fe71cb3fa533cd2ebb468bccec,WETHContract,1
0x673529d426f32a9229d46c9ac50983a05f146c99,WETHContract,1
0x67ae2f72b74396acbc0a2224eeba20dce0abf605,0x2ae4add52a808c5f0472fa405ce662f0848c727b,1
0x67ae2f72b74396acbc0a2224eeba20dce0abf605,0x832fece91aadbff307ae3740bb35727d5f3c6148,1
0x67ae2f72b74396acbc0a2224eeba20dce0abf605,0x87c31c658646c874cd81d4f268fb75d86c3e002c,1
0x67ae2f72b74396acbc0a2224eeba20dce0abf605,0xe0e37218e31caaeb69ecd8523394718f074d87c7,1
0x67ae2f72b74396acbc0a2224eeba20dce0abf605,0xf6f1f80f0b7308f5f797c213bbe44e5dbaba476e,2
0x67ae2f72b74396acbc0a2224eeba20dce0abf605,WETHContract,4
0x68089da7d51a38676eb74bad14b052c0d48a5099,WETHContract,1
0x68182338027f35d3b2dee6ba4b0d9d833719e578,WETHContract,3
0x69c044144038591dd700bca1b508784506b30a6b,WETHContract,1
0x6a7f43297e39affc7d0ece847eeb5f1291dfa371,WETHContract,4
0x6c1bf34bcd446e459425439e206ff8cd3116f43d,WETHContract,1
0x6c59c34ff103c3409fb0c6ffbad29e96cf295435,WETHContract,1
0x6c5dc35a9687237bbb386086580f3bfc2bdef320,WETHContract,1
0x6c7ebd3ff35311a1f4f36f587502a626c2da4d2f,WETHContract,1
0x6cdd2717f39e75808eefe90b09065cbaf392d504,WETHContract,2
0x6d0c7c4ce2ce9bb36f4734e71d063effdb7cdc8b,WETHContract,1
0x6d1883fbd7be51c823952f540f15a084237686a0,WETHContract,1
0x6d7619beb7139f62faab5741c019233c77d5a534,WETHContract,1
0x6f88c4d6603daf626b97739cfa886ddd3f20f83c,WETHContract,2
0x6fa1974371a909f7daf04f394ea5c9781abe18f0,WETHContract,1
0x6fd317808783543e1e8d5522966f9fc2bd286cbf,WETHContract,1
0x6ff5abca853375926b2dee43264458b73a7616c1,WETHContract,1
0x71cc0e32b2abd066558deba0e47bee9bd8f5ada7,WETHContract,1
0x72ad95c3b65a0da6826b336c104a929d1e676bf3,0x5dc886b8241ef5a46d1b0447aabef8366f8944c6,1
0x72ad95c3b65a0da6826b336c104a929d1e676bf3,0xfb6b4b9949457b1478bfbe7f75a567409b888666,1
0x72ad95c3b65a0da6826b336c104a929d1e676bf3,WETHContract,2
0x7379640f118bfe2040b909880c958287f029d44b,WETHContract,2
0x7430a9921b736e71e4501188daedd3c2566e3213,WETHContract,1
0x74a89a72ef2669afadeca1af85fb8166fd69b9c4,WETHContract,1
0x74cc672c839e3602e0de53878235022da3b3799a,WETHContract,1
0x74fa2d6e434c8fd5869a9361f5a1fff0199e8e83,WETHContract,1
0x755a18621d58d04cbfdb4f1d5fa5920a66301663,WETHContract,1
0x75c9630e780159f370095f03df751eed53cfccf0,WETHContract,1
0x761c5a008969081df6e80fe57dc0dc9549989fdf,WETHContract,3
0x7673e87a4aec2dbf5775920b1d5e752007eba87d,WETHContract,1
0x76999aed261fc44d04acf027635b96f23eff444e,0x1127db41c0dd1ca4a19cc47608bcb111c409f120,1
0x76999aed261fc44d04acf027635b96f23eff444e,0x289d4ae72a64ff07cb3d80d5520b55ec04ec2aa9,5
0x76999aed261fc44d04acf027635b96f23eff444e,0x445c37b44405da7aa59ed786050b9a6cb4cf7e2a,1
0x76999aed261fc44d04acf027635b96f23eff444e,0x667ae6c38c09d777a2b60967756d20b11c620b96,1
0x76999aed261fc44d04acf027635b96f23eff444e,0x87c31c658646c874cd81d4f268fb75d86c3e002c,2
0x76999aed261fc44d04acf027635b96f23eff444e,0xd1fd52c612167e7151e3ae4ce093f3b3315588f2,1
0x76999aed261fc44d04acf027635b96f23eff444e,0xf48c6c501cc56f4a09b625518fb529e406824610,1
0x76999aed261fc44d04acf027635b96f23eff444e,WETHContract,28
0x770f53f2e727a838027862e398c239d09e87c116,WETHContract,1
0x774e3f79fe0da23192ba0d58b26b9baad14398ca,WETHContract,1
0x777774b1a7b236cdefe637200bd5d94918c0d1a4,WETHContract,1
0x777775f7c4acec565375194b31098d463135a054,WETHContract,1
0x77777639f22bb93b6dca1345ff659f6f8ccd6958,WETHContract,1
0x7777776a7d6c96dc3977692d9dbb1b188f478fa1,WETHContract,1
0x77e06a2395f278c0c166dae10f54e56f1ea78a8d,WETHContract,1
0x77ec040154583286586e88bd53de4d466f72514f,WETHContract,1
0x77fc1b2f22156a02266c689361730c10ab97abab,WETHContract,1
0x77ffc5bcc84c706d043eac6a996b48e0be0c0a00,WETHContract,1
0x78b256c933c33399fb0c717d67438cea768cdbf3,WETHContract,1
0x78bad10f8bc8a3c0d65a3dc6324205fd44dfcb8e,WETHContract,1
0x79c06846633123d23ed6a71c456bb2ff09129938,WETHContract,1
0x7a250d5630b4cf539739df2c5dacb4c659f2488d,0x72ad95c3b65a0da6826b336c104a929d1e676bf3,2
0x7a5af5668646f3eb1524c3428bc8aaa416a13f17,WETHContract,1
0x7b9b058346741e2b2e58478cea7ac3cccd5beeb3,WETHContract,1
0x7bca08c776a278f49cee431f66ec07013e53709c,WETHContract,1
0x7c6c631e335a9d4661fc013d34a900e3585a2846,WETHContract,1
0x7c8bd5a28df5a2bd95b9c37604f95b32eb5fc41d,WETHContract,1
0x7cd3183deef5a64ddf829eb4952b08958a7cbc3f,WETHContract,1
0x7cd413ac07e790246abc8ff5cd3853b0b4705741,WETHContract,1
0x7ce9da83253afa7677c18815747a1adb271f92ca,WETHContract,2
0x7d3ed121cad81a3e56427f4d69fc364ac52510f0,WETHContract,1
0x7d6b0d7da35c8c4fc59d9dd1e835f626a0a81957,WETHContract,1
0x7d93d205eb2fd530f8b45a4ee16ca3d6f03bb719,WETHContract,1
0x7e246a00d7d1f07d28e93577731eb4aff422a295,WETHContract,1
0x7e28cc2ef6e1d0173ec09d5aada2b739c112c98e,WETHContract,1
0x7ea58425fb3f871fd01ae18c157eeec8880701bc,WETHContract,1
0x7efcdce940c2da12f57cc340442f877ae162846e,WETHContract,1
0x8004ce0fc1d60da4ebc15c8e0557532f44cdba9b,WETHContract,1
0x80ba9b0cf30e27dd2b0d037c4648f07bb197d742,WETHContract,1
0x80efea5028d6c782ce029ce292b8da6dfdb6bb59,WETHContract,1
0x812130043463a1f5558c805693a9c475eb1a7de0,WETHContract,1
0x8148b3278e8fd7610a35390d943430b662b45a70,WETHContract,1
0x81d77bb263236f68031430b0ce5ef2d082442c8d,WETHContract,1
0x81e28c1488977751293a6224bb351e42d48c814e,WETHContract,1
0x81fa4603d7b9d687fbea0eec0c7ce35f2ea038b5,WETHContract,1
0x82085d667c6db08495e2dba204654e71761b112e,0x047bf2d1e85edb7a56412b067afa07312477ff5d,1
0x82085d667c6db08495e2dba204654e71761b112e,0x4d288e1cf270c355baf04595ed9f494c6d4ecf32,2
0x82085d667c6db08495e2dba204654e71761b112e,0x667ae6c38c09d777a2b60967756d20b11c620b96,1
0x82085d667c6db08495e2dba204654e71761b112e,0x87c31c658646c874cd81d4f268fb75d86c3e002c,1
0x82085d667c6db08495e2dba204654e71761b112e,0xc9e78a649ec307bf3952250e5f65b6968fb78fe1,1
0x82085d667c6db08495e2dba204654e71761b112e,WETHContract,5
0x8217583c8c8b084b045a4dc184070fe66049eaa7,WETHContract,1
0x8223d1ce49ee49971a871582d15117d61f155a41,WETHContract,1
0x828aee1124355b3f737d87febe18024f38a2e622,WETHContract,1
0x82d3b7b7b684c4ed5544cec704d7fc6b97576ce5,WETHContract,1
0x832fece91aadbff307ae3740bb35727d5f3c6148,0x2889388b6808a7fa176fe30448461d3bbc994da6,1
0x832fece91aadbff307ae3740bb35727d5f3c6148,0x289d4ae72a64ff07cb3d80d5520b55ec04ec2aa9,1
0x832fece91aadbff307ae3740bb35727d5f3c6148,0x2ae4add52a808c5f0472fa405ce662f0848c727b,1
0x832fece91aadbff307ae3740bb35727d5f3c6148,0x5d8ab66b9df02d8e9fffe7bb8739b1efccd57f8a,1
0x832fece91aadbff307ae3740bb35727d5f3c6148,0x87c31c658646c874cd81d4f268fb75d86c3e002c,1
0x832fece91aadbff307ae3740bb35727d5f3c6148,0xc9ffb71c1760fbbb49b0cb3f02ca7d5727908315,1
0x832fece91aadbff307ae3740bb35727d5f3c6148,0xdac4e8ef1a2550aaa208345e4b4e0d0f7db26dd9,1
0x832fece91aadbff307ae3740bb35727d5f3c6148,0xe18159438734295bf8611df8ae91323b992a2bc4,1
0x832fece91aadbff307ae3740bb35727d5f3c6148,0xf05da76954205c1cf1a4cd61e884fe2043b6d8f2,1
0x832fece91aadbff307ae3740bb35727d5f3c6148,WETHContract,6
0x83d2d5bc2ffc236af0a74dd63ea215e4451aecf7,WETHContract,2
0x83d8ed6621ca3caef05154d3871cd47a4542893e,WETHContract,1
0x83e1b0e23f71b4b27d16ccbb036266f1b52f01d4,WETHContract,1
0x841fa34eb6871402aa21bd09c68d6e53dd42538d,WETHContract,1
0x856bdead26ff4d1b5ed206663a3233f6fa1c6437,WETHContract,2
0x86cc0a1fb7848a06c13b2a465ac9d83ba311e68c,WETHContract,1
0x87033ad96757ecd730aa1652b1a7dabcc5ffb182,WETHContract,2
0x87c31c658646c874cd81d4f268fb75d86c3e002c,0x2889388b6808a7fa176fe30448461d3bbc994da6,1
0x87c31c658646c874cd81d4f268fb75d86c3e002c,0x2ae4add52a808c5f0472fa405ce662f0848c727b,1
0x87c31c658646c874cd81d4f268fb75d86c3e002c,0x2f74539ec09e24749f135247eb24fb56e756f27b,3
0x87c31c658646c874cd81d4f268fb75d86c3e002c,0x37c3c7d856c4fca78a447929bbee13c100033e18,1
0x87c31c658646c874cd81d4f268fb75d86c3e002c,0x667ae6c38c09d777a2b60967756d20b11c620b96,1
0x87c31c658646c874cd81d4f268fb75d86c3e002c,0xcc98e9ccaf2d7ade07a96207632edf2719b5ccfc,1
0x87c31c658646c874cd81d4f268fb75d86c3e002c,0xd158bdb894ed38c2e99f6b64f36d356280bbc6c4,2
0x87c31c658646c874cd81d4f268fb75d86c3e002c,0xd1fd52c612167e7151e3ae4ce093f3b3315588f2,1
0x87c31c658646c874cd81d4f268fb75d86c3e002c,0xe18159438734295bf8611df8ae91323b992a2bc4,1
0x87c31c658646c874cd81d4f268fb75d86c3e002c,0xf6f1f80f0b7308f5f797c213bbe44e5dbaba476e,1
0x87c31c658646c874cd81d4f268fb75d86c3e002c,WETHContract,10
0x87f1ce3cb933bba59bd2949a89c7db5c5a548fae,WETHContract,1
0x8839826b11c358a3fa764e5dd32f9d1a7cf8a1b6,WETHContract,4
0x883c524966e36d8b3ebb2a8cb64e082a819dfa24,WETHContract,1
0x88cb54b5951498c2795b63d3b22d6ab1f7c8612d,WETHContract,1
0x8980e3c32565cd0b36638d5c8b7632918b8a3715,WETHContract,1
0x89a2664dc1811970b4cafd648209777bf8cae2e1,WETHContract,1
0x89d0e354e0d23788579c59463c54f644fc824674,WETHContract,1
0x89f499d0def5a2287c78b4df81e895e4b751fa58,WETHContract,1
0x8a5b5f16ac9cd6a26b0040e5713e594e511597c3,WETHContract,1
0x8a5d8700dd19488d964d202e87b0cc85704054db,WETHContract,29
0x8a6e8097aa5a6e125433e3ddf9b48f55f2602af2,WETHContract,1
0x8a95d0efbb0052638fe7f30eeef621045ac2f5b2,WETHContract,1
0x8c5e9266316af38f8889ba2f0299b8ca9e64b4c4,WETHContract,1
0x8d9cad58f70c491734efb145e87ce2c91c9f059d,WETHContract,1
0x8df4a5527b19f4d6ca5e7bf1e243480a457813ce,WETHContract,1
0x8e7378dcaf3937cfcdc10e869db9303dcc8b5b24,WETHContract,1
0x8e7d7367ac91ae626bbf584ab7d450589efc5a3a,WETHContract,1
0x8ecb303d99aabce2f90f14342f86c19c873ef74b,WETHContract,1
0x912e69e8737b54099abc140a4982ef9b5da07465,WETHContract,6
0x91555fc06268911c51a408cf0fa0e1e893843729,WETHContract,2
0x91fbd577ac3cf2d3f29903d0453b9b8f3d8c7f03,WETHContract,1
0x923cef6ac1af39f7de9a9b839c6dbf7a3ddb92db,WETHContract,1
0x9445c61f088c231993db160bcffa2edf2eef2b2a,WETHContract,1
0x94aa5849ed857f495a7bea1f493e2728c2c46ea2,WETHContract,1
0x96461bfc931bc262135e569f3500c5ebe0374e57,WETHContract,1
0x968803ab4194bbb0b06a8f3aa206e70ef5eac6d7,WETHContract,1
0x9764b972cbc1e102edb8a74c0e52288ea7dfd448,WETHContract,1
0x98ef5fb0ae5d67201681def8c5113602b822e6f0,WETHContract,1
0x990ed2b67f7fef083aba650bc44ae93b74335b45,WETHContract,1
0x99e0aa37a66e2db3c51f30d03cd864767e72d7a6,WETHContract,1
0x9b04082ae277947290440f67b8309b2a009cd3c7,WETHContract,1
0x9b0e367f72ac64062831707c5776c6201f579d5b,WETHContract,1
0x9b56aa8f994d40ee928bbb3c269e743b2128b358,WETHContract,1
0x9b968da6a634f0c2fa4946c9e4dde533d5d5ed69,WETHContract,1
0x9bccbe5b39a1729289c4c09c48efbdc162399522,WETHContract,1
0x9bd70c8600930a1c276986786b6f0af36e9737e2,WETHContract,1
0x9c66ae1254762c620415003a89f0a58fa3a9dd76,WETHContract,2
0x9cd71850a7f491e5c46b2cddd11c811a17532dc9,WETHContract,1
0x9cdfcc37cdee055f4c703f1891672e2dee98f2ef,WETHContract,2
0x9d6581468f04e5e55876a2660b5aeabc12e3efa0,WETHContract,1
0x9d9749f86d54c1f8279231e92a1bb780f6d6df78,WETHContract,1
0xa0e53dba9ccb2c72a793b4dd51ef3dd65dbf7a63,WETHContract,2
0xa0ebf8506f9eeb88b76afd6a4efec86ed5c1169f,WETHContract,2
0xa1a025301d313248d31b490d8d591eec81121284,WETHContract,1
0xa380f5f008c00d0090a8d42d53eb163e8bd4ade6,WETHContract,1
0xa42098e1de9f5700e8b63598894f163f1f8095c7,WETHContract,1
0xa49eac2f8324ed3252b3b8dec7275ee79c150231,WETHContract,1
0xa4dc741354e48da1ffd33382f821a76e4c524f8e,WETHContract,1
0xa64b1cf4c10c11998787994a72b1c01b82165022,WETHContract,1
0xa746575b84b2262a90e12003b8e07132a372a651,WETHContract,1
0xa82d014c971c9a7f0a4c441295336b04d20bfcce,WETHContract,1
0xa84452be92195dcfbdeb5a1c566713a380a662f2,WETHContract,1
0xa89271c26011ac0bc78600241572ac39da22c7e9,WETHContract,1
0xa947377cb9b068a67cb370f5338343dba9d4e47d,WETHContract,1
0xa9f1061c3c1341afef13cf97b43018b96834b52a,WETHContract,1
0xaa7137eb34c2d3b794ee27008ed2287c681c28f3,WETHContract,1
0xab2d1297a6891ee2bec5b3ed926e99159c5a042a,0x05c996664fbf25c8225a8963f158eee4a90632a5,1
0xab2d1297a6891ee2bec5b3ed926e99159c5a042a,0x2ae4add52a808c5f0472fa405ce662f0848c727b,1
0xab2d1297a6891ee2bec5b3ed926e99159c5a042a,0x2f74539ec09e24749f135247eb24fb56e756f27b,1
0xab2d1297a6891ee2bec5b3ed926e99159c5a042a,0x82085d667c6db08495e2dba204654e71761b112e,2
0xab2d1297a6891ee2bec5b3ed926e99159c5a042a,0x832fece91aadbff307ae3740bb35727d5f3c6148,2
0xab2d1297a6891ee2bec5b3ed926e99159c5a042a,0xcc98e9ccaf2d7ade07a96207632edf2719b5ccfc,2
0xab2d1297a6891ee2bec5b3ed926e99159c5a042a,0xdac4e8ef1a2550aaa208345e4b4e0d0f7db26dd9,1
0xab2d1297a6891ee2bec5b3ed926e99159c5a042a,0xf05da76954205c1cf1a4cd61e884fe2043b6d8f2,1
0xab2d1297a6891ee2bec5b3ed926e99159c5a042a,WETHContract,8
0xab76d2511ef438b0702aefbf762e65e49d211263,WETHContract,2
0xabf66536d234082a421309af38f3a0cc762c08f9,WETHContract,2
0xace423978fc408017f4cbb4c6793add0be8c0e61,WETHContract,1
0xad76297ce41f9cb675a6b051f43c1404c71d2565,WETHContract,1
0xae08ead429518c307c70e80d90b3b63ce7918ca6,WETHContract,1
0xae4015a00b6ee153405c64238e3c844aea1e667a,WETHContract,2
0xaf922993e674f2dda990d8d8c9ab75e464fdfe1c,WETHContract,1
0xafd495a64971fd1fe26b20d7c5e55fd47912c068,WETHContract,1
0xb012f3ace389b9aa989bedea7df7698d88702e89,WETHContract,1
0xb09847e13de56db6603f575bdbfd5c4fcb2d92fa,WETHContract,1
0xb0e4ee99d28fd60772c8a90627edd77829cb9b58,WETHContract,1
0xb1c376e3b8c426d0ec6d2ad83e98aee3bac52f7a,WETHContract,1
0xb2086e151e1ae739e72128f4277ccca9123bc5ed,WETHContract,1
0xb2222c1e2e859ccbb6f6c1243366dd5d056cfba0,WETHContract,1
0xb2fde1c3eab715955a00f6224483e864b67e8a68,WETHContract,1
0xb3e6443691eab7937f3ac81e0fe5b80faed0e4ef,WETHContract,1
0xb3f9dd4ea99bfe636198e8bdd8330e9f6ec1904a,WETHContract,1
0xb43aabe5cf609a9ffa102723e4c86d6447d0cdc9,WETHContract,1
0xb4eab9a0c05b6a15918ae1b9690de3cb45df08f1,WETHContract,1
0xb5a66a13f26f6e8976862c2643083b235e04ff0c,WETHContract,1
0xb5b69cd37a3c31f8dd05dfe55ae873bfac74e17a,WETHContract,1
0xb6380198d5d96d9a950714f9eff9ebf283307180,WETHContract,1
0xb6ca564dab46827a1ea4eece526760070d6785ef,WETHContract,1
0xb6ca58ac2b23eb9e97c16ffc3efbb5380f05ec24,WETHContract,1
0xb8073d2ae5c5e17e2fff7890656ec8bdfcb67395,WETHContract,1
0xb8369417066fd7e61d0219402c16d416e33cc64a,WETHContract,1
0xb8400987e8069d96410f7df9a96e33b31f78cf02,WETHContract,1
0xb899912e41a03c188cfef3b5027fd005c12d767c,WETHContract,3
0xb92a59fdc20ec1b6570e7452337889846a0ce2c2,WETHContract,1
0xb9868a3767b6e097d1bf1c837fa1b24ce84ed7da,WETHContract,1
0xb9c8379463c5a19f5565ff10941a484759db8189,WETHContract,1
0xb9ce524ca502b734577d85d92a9f1e6395317cbd,WETHContract,1
0xba9b15ce30dbfe515614570d182e74a30ed7f961,WETHContract,1
0xbb3b4adb3b03f83ab917b90ce880ef12ff7689ca,WETHContract,1
0xbbcb3e1e95692937364725364a766eaed2e102b9,WETHContract,1
0xbccada8748fff1dd70a08d536f0ececafec7fb55,WETHContract,2
0xbd8a5e42d4af07df1ff46ef269c45f40942d6a56,WETHContract,1
0xbdf59d84e393cc0728409144512d2cd62c3278f3,WETHContract,5
0xbe132bf72a25069bbea13a43cc9efd820d6e9c0e,WETHContract,1
0xbe99683ca86ec4ab0a4749e54097e67a20360a32,WETHContract,1
0xbf85ea414b432d5a2d8fac0ec2c9fcc99602407c,WETHContract,2
0xbfa33abbf2bb4966bfa882ba37e07a666b560118,WETHContract,1
0xc0fb1199da2ac90c930f6cf6cdbb6289b4be1387,WETHContract,1
0xc1950c51d59a896da027fb4698f58e6d5ce7cbc7,WETHContract,1
0xc1b15d024ae0ee67558f017d163966ad2720241c,WETHContract,1
0xc1f45d178b23b8b3806d197ab4f85620cc1b0b5f,WETHContract,1
0xc21a95c9b0a1881fc53385096d6d9675aa02a3a8,WETHContract,1
0xc31b365c60a2356826be87751c6a44d7f8a55211,WETHContract,1
0xc31fa516f1376d525edf6f9e01ab34c3fbbd3c23,WETHContract,1
0xc41a639dcf92dffa7f724cf7d16281b0ab1f3ab9,WETHContract,1
0xc4baced67459b9b3362c697adb2a4050ae74692f,WETHContract,1
0xc5aacf5a5cb5cc28bcc89f256a3d49b4bd03a0af,WETHContract,1
0xc5de2c95c65a050b29cba1dfd38a625edb2b5e10,WETHContract,1
0xc668a02c44842ab5d5341949fa13d03760b4a000,WETHContract,2
0xc672604d798d8cbd0cf2cc654099f82bd02647ab,WETHContract,2
0xc6bd4158129861b2a1b763ee07a7d84e0d30978b,WETHContract,1
0xc6e6a7a3f4b5ae64bb31f4cace82182699ab07e2,WETHContract,1
0xc7ea727095266741e48a949dd14a102d123b4e52,WETHContract,1
0xc82d8dcc276978d888fc15f3060d4cc0b101f3af,WETHContract,1
0xc87fd03085491eb74b20b2becf50846ad4762163,WETHContract,1
0xc94782f82a18175f3402c0bed1aaf59cf1d15bb7,WETHContract,1
0xc96049799369879208bfc86df8d4fb55504a848b,WETHContract,1
0xc9e78a649ec307bf3952250e5f65b6968fb78fe1,0x05c996664fbf25c8225a8963f158eee4a90632a5,1
0xc9e78a649ec307bf3952250e5f65b6968fb78fe1,0x2889388b6808a7fa176fe30448461d3bbc994da6,2
0xc9e78a649ec307bf3952250e5f65b6968fb78fe1,0x2ae4add52a808c5f0472fa405ce662f0848c727b,1
0xc9e78a649ec307bf3952250e5f65b6968fb78fe1,0x37c3c7d856c4fca78a447929bbee13c100033e18,1
0xc9e78a649ec307bf3952250e5f65b6968fb78fe1,0x4d288e1cf270c355baf04595ed9f494c6d4ecf32,1
0xc9e78a649ec307bf3952250e5f65b6968fb78fe1,0x5d8ab66b9df02d8e9fffe7bb8739b1efccd57f8a,1
0xc9e78a649ec307bf3952250e5f65b6968fb78fe1,0x667ae6c38c09d777a2b60967756d20b11c620b96,1
0xc9e78a649ec307bf3952250e5f65b6968fb78fe1,0x82085d667c6db08495e2dba204654e71761b112e,1
0xc9e78a649ec307bf3952250e5f65b6968fb78fe1,0x87c31c658646c874cd81d4f268fb75d86c3e002c,1
0xc9e78a649ec307bf3952250e5f65b6968fb78fe1,0xab2d1297a6891ee2bec5b3ed926e99159c5a042a,1
0xc9e78a649ec307bf3952250e5f65b6968fb78fe1,0xc9ffb71c1760fbbb49b0cb3f02ca7d5727908315,1
0xc9e78a649ec307bf3952250e5f65b6968fb78fe1,0xcc98e9ccaf2d7ade07a96207632edf2719b5ccfc,1
0xc9e78a649ec307bf3952250e5f65b6968fb78fe1,0xe18159438734295bf8611df8ae91323b992a2bc4,1
0xc9e78a649ec307bf3952250e5f65b6968fb78fe1,0xf05da76954205c1cf1a4cd61e884fe2043b6d8f2,1
0xc9e78a649ec307bf3952250e5f65b6968fb78fe1,0xf48c6c501cc56f4a09b625518fb529e406824610,1
0xc9e78a649ec307bf3952250e5f65b6968fb78fe1,0xf6f1f80f0b7308f5f797c213bbe44e5dbaba476e,1
0xc9e78a649ec307bf3952250e5f65b6968fb78fe1,WETHContract,12
0xc9ffb71c1760fbbb49b0cb3f02ca7d5727908315,0x047bf2d1e85edb7a56412b067afa07312477ff5d,1
0xc9ffb71c1760fbbb49b0cb3f02ca7d5727908315,0x289d4ae72a64ff07cb3d80d5520b55ec04ec2aa9,1
0xc9ffb71c1760fbbb49b0cb3f02ca7d5727908315,0x2d9bfefc3943900c7d3e74bbcf2ed10fd2a1380a,2
0xc9ffb71c1760fbbb49b0cb3f02ca7d5727908315,0x445c37b44405da7aa59ed786050b9a6cb4cf7e2a,2
0xc9ffb71c1760fbbb49b0cb3f02ca7d5727908315,0x667ae6c38c09d777a2b60967756d20b11c620b96,2
0xc9ffb71c1760fbbb49b0cb3f02ca7d5727908315,0xab2d1297a6891ee2bec5b3ed926e99159c5a042a,1
0xc9ffb71c1760fbbb49b0cb3f02ca7d5727908315,0xc9e78a649ec307bf3952250e5f65b6968fb78fe1,1
0xc9ffb71c1760fbbb49b0cb3f02ca7d5727908315,0xd1fd52c612167e7151e3ae4ce093f3b3315588f2,2
0xc9ffb71c1760fbbb49b0cb3f02ca7d5727908315,0xe0e37218e31caaeb69ecd8523394718f074d87c7,1
0xc9ffb71c1760fbbb49b0cb3f02ca7d5727908315,0xf05da76954205c1cf1a4cd61e884fe2043b6d8f2,1
0xc9ffb71c1760fbbb49b0cb3f02ca7d5727908315,0xf48c6c501cc56f4a09b625518fb529e406824610,1
0xc9ffb71c1760fbbb49b0cb3f02ca7d5727908315,WETHContract,11
0xca83adf8e4788d8bcd10b7cd8515e4d223d27865,WETHContract,1
0xca87711b4061bc5c61f7da6814256304b51275f9,WETHContract,2
0xcb063124a150e4f8385755d12b9a216f94265434,WETHContract,2
0xcc340b25a3ce699d45b6a69322610545759a1e4b,WETHContract,1
0xcc98e9ccaf2d7ade07a96207632edf2719b5ccfc,0x289d4ae72a64ff07cb3d80d5520b55ec04ec2aa9,1
0xcc98e9ccaf2d7ade07a96207632edf2719b5ccfc,0x37c3c7d856c4fca78a447929bbee13c100033e18,1
0xcc98e9ccaf2d7ade07a96207632edf2719b5ccfc,0x445c37b44405da7aa59ed786050b9a6cb4cf7e2a,2
0xcc98e9ccaf2d7ade07a96207632edf2719b5ccfc,0x82085d667c6db08495e2dba204654e71761b112e,1
0xcc98e9ccaf2d7ade07a96207632edf2719b5ccfc,0x832fece91aadbff307ae3740bb35727d5f3c6148,1
0xcc98e9ccaf2d7ade07a96207632edf2719b5ccfc,0x87c31c658646c874cd81d4f268fb75d86c3e002c,1
0xcc98e9ccaf2d7ade07a96207632edf2719b5ccfc,0xc9e78a649ec307bf3952250e5f65b6968fb78fe1,1
0xcc98e9ccaf2d7ade07a96207632edf2719b5ccfc,0xc9ffb71c1760fbbb49b0cb3f02ca7d5727908315,1
0xcc98e9ccaf2d7ade07a96207632edf2719b5ccfc,0xd158bdb894ed38c2e99f6b64f36d356280bbc6c4,1
0xcc98e9ccaf2d7ade07a96207632edf2719b5ccfc,0xe0e37218e31caaeb69ecd8523394718f074d87c7,1
0xcc98e9ccaf2d7ade07a96207632edf2719b5ccfc,0xe18159438734295bf8611df8ae91323b992a2bc4,2
0xcc98e9ccaf2d7ade07a96207632edf2719b5ccfc,0xf48c6c501cc56f4a09b625518fb529e406824610,1
0xcc98e9ccaf2d7ade07a96207632edf2719b5ccfc,0xf6f1f80f0b7308f5f797c213bbe44e5dbaba476e,2
0xcc98e9ccaf2d7ade07a96207632edf2719b5ccfc,WETHContract,15
0xcceb10f787e4198d32b9f46eb7ca78130c49044f,WETHContract,1
0xcda31b98131b059fe6464963f1f474de6e13eb2b,WETHContract,2
0xce411406e51587d149884c0abc5ce0e62725e99d,WETHContract,1
0xcf1fa0ef06a779c85a9a65d9b6877bf46181c44d,WETHContract,2
0xcf2ee86daae7e364c7c05643e815c8d2498e2466,WETHContract,2
0xcf82d29d0587c0241f059f5afc5810022f5da3da,WETHContract,11
0xcf9ae3f27f58efd89744a99a4f7e283723d2cc36,WETHContract,2
0xcfccd1cb7a679f711c83ee5aa86ab1a8f17ce5f9,WETHContract,1
0xd02ffa158b6bd66d586b612a07c56d446c8ccd63,WETHContract,2
0xd08220cd2917c98a563d14ae94a3302cd49d0d47,WETHContract,1
0xd13552538def5cecc78a20aa2236573f0bee6443,WETHContract,1
0xd158bdb894ed38c2e99f6b64f36d356280bbc6c4,0x047bf2d1e85edb7a56412b067afa07312477ff5d,1
0xd158bdb894ed38c2e99f6b64f36d356280bbc6c4,0x2889388b6808a7fa176fe30448461d3bbc994da6,1
0xd158bdb894ed38c2e99f6b64f36d356280bbc6c4,0x2ae4add52a808c5f0472fa405ce662f0848c727b,1
0xd158bdb894ed38c2e99f6b64f36d356280bbc6c4,0x2f74539ec09e24749f135247eb24fb56e756f27b,1
0xd158bdb894ed38c2e99f6b64f36d356280bbc6c4,0x4d288e1cf270c355baf04595ed9f494c6d4ecf32,1
0xd158bdb894ed38c2e99f6b64f36d356280bbc6c4,0xc9ffb71c1760fbbb49b0cb3f02ca7d5727908315,1
0xd158bdb894ed38c2e99f6b64f36d356280bbc6c4,0xd1fd52c612167e7151e3ae4ce093f3b3315588f2,1
0xd158bdb894ed38c2e99f6b64f36d356280bbc6c4,0xe0e37218e31caaeb69ecd8523394718f074d87c7,1
0xd158bdb894ed38c2e99f6b64f36d356280bbc6c4,0xf05da76954205c1cf1a4cd61e884fe2043b6d8f2,1
0xd158bdb894ed38c2e99f6b64f36d356280bbc6c4,0xf48c6c501cc56f4a09b625518fb529e406824610,1
0xd158bdb894ed38c2e99f6b64f36d356280bbc6c4,WETHContract,7
0xd18f20ab776c5448202d264b1170e16a31a579b3,WETHContract,2
0xd1e9b88e6f1a5ef64922c2abc6c46770fba2c4fa,WETHContract,2
0xd1fd52c612167e7151e3ae4ce093f3b3315588f2,0x05c996664fbf25c8225a8963f158eee4a90632a5,3
0xd1fd52c612167e7151e3ae4ce093f3b3315588f2,0x289d4ae72a64ff07cb3d80d5520b55ec04ec2aa9,2
0xd1fd52c612167e7151e3ae4ce093f3b3315588f2,0x2ae4add52a808c5f0472fa405ce662f0848c727b,1
0xd1fd52c612167e7151e3ae4ce093f3b3315588f2,0x67ae2f72b74396acbc0a2224eeba20dce0abf605,1
0xd1fd52c612167e7151e3ae4ce093f3b3315588f2,0x76999aed261fc44d04acf027635b96f23eff444e,1
0xd1fd52c612167e7151e3ae4ce093f3b3315588f2,0xcc98e9ccaf2d7ade07a96207632edf2719b5ccfc,2
0xd1fd52c612167e7151e3ae4ce093f3b3315588f2,0xe0e37218e31caaeb69ecd8523394718f074d87c7,1
0xd1fd52c612167e7151e3ae4ce093f3b3315588f2,0xf6f1f80f0b7308f5f797c213bbe44e5dbaba476e,2
0xd1fd52c612167e7151e3ae4ce093f3b3315588f2,WETHContract,10
0xd49433745ca221106e48f788f80904cc58554b92,WETHContract,1
0xd4daa837bdf809012413951b1a0a3a46d1c0c233,WETHContract,1
0xd50a830db65725e842273b3a8de58b89b3f1fe34,WETHContract,1
0xd584239989584444089e8e2943d8c48479b55346,WETHContract,2
0xd5a4bfc14aa18a73e316ec77cf8c078aa1d7b974,WETHContract,1
0xd6a22534b5ec663c686cfb0dda24126f8b7c6e6f,WETHContract,3
0xd6fc0bc4d12de7470da816cce8757ac0a77249ee,WETHContract,2
0xd7f382c0b1631e81ac73d0abd5f6f37613d44ef9,WETHContract,2
0xd847e2e2bfad85e073fecd97a6bcd8b9e46e89d8,WETHContract,1
0xd86c2577bca1addaf2bb19efa5279a435cb965c4,WETHContract,1
0xd8b023601277245dffb586b404ef4a2b368d513c,WETHContract,1
0xd8c59a10856f3bc6e1420ffa5847dacb59f94084,WETHContract,1
0xd9655eb871a5f657e2e5d2d07f3ca2d18b4cb78a,WETHContract,1
0xd992b50bafdfb820d02c59d3e0a66736cc5c3a5e,WETHContract,1
0xd9f327fc2cf39c1433e53dade2afd7893e99e312,WETHContract,1
0xda840fe2369baf37c1aa87ad58b686d651a93e3e,WETHContract,1
0xdac4e8ef1a2550aaa208345e4b4e0d0f7db26dd9,0x289d4ae72a64ff07cb3d80d5520b55ec04ec2aa9,1
0xdac4e8ef1a2550aaa208345e4b4e0d0f7db26dd9,0x2ae4add52a808c5f0472fa405ce662f0848c727b,1
0xdac4e8ef1a2550aaa208345e4b4e0d0f7db26dd9,0x2f74539ec09e24749f135247eb24fb56e756f27b,1
0xdac4e8ef1a2550aaa208345e4b4e0d0f7db26dd9,0x445c37b44405da7aa59ed786050b9a6cb4cf7e2a,1
0xdac4e8ef1a2550aaa208345e4b4e0d0f7db26dd9,0xab2d1297a6891ee2bec5b3ed926e99159c5a042a,1
0xdac4e8ef1a2550aaa208345e4b4e0d0f7db26dd9,0xcc98e9ccaf2d7ade07a96207632edf2719b5ccfc,1
0xdac4e8ef1a2550aaa208345e4b4e0d0f7db26dd9,0xd1fd52c612167e7151e3ae4ce093f3b3315588f2,1
0xdac4e8ef1a2550aaa208345e4b4e0d0f7db26dd9,0xe0e37218e31caaeb69ecd8523394718f074d87c7,1
0xdac4e8ef1a2550aaa208345e4b4e0d0f7db26dd9,0xe18159438734295bf8611df8ae91323b992a2bc4,1
0xdac4e8ef1a2550aaa208345e4b4e0d0f7db26dd9,0xf05da76954205c1cf1a4cd61e884fe2043b6d8f2,2
0xdac4e8ef1a2550aaa208345e4b4e0d0f7db26dd9,0xf48c6c501cc56f4a09b625518fb529e406824610,1
0xdac4e8ef1a2550aaa208345e4b4e0d0f7db26dd9,WETHContract,10
0xdb6abd015fb7e661ab3edc76307bdf738e64d1a0,WETHContract,1
0xdb982e0f5a350c2dbdd400474b8b7eb6ddd265ec,WETHContract,1
0xdbeb0a116eb8df6f2f418dfac7f6aedef03fdd06,WETHContract,1
0xdcad74e2629261ec0d55a974a0f03e33a3942a11,WETHContract,1
0xdd5c35abbfea2c05aaf7c5fd574070e4ec5ef4c5,WETHContract,1
0xdd61dc91e4339a1c698b11ade43c4067990b227a,WETHContract,1
0xdda66ad0ff2986686c35197cf8273f8c9245f536,WETHContract,1
0xde0aebe0f8fdc4d65b7c167ea016c0e31e766215,WETHContract,1
0xde74942fa7f1dd2f94f3345a844c3b66821f3898,WETHContract,1
0xdf839f2d5bbde84d6534e828d2f9ad8923a2d0c5,WETHContract,4
0xe05857aa3f5e87c9a5880a6820f774a473591af3,WETHContract,1
0xe0e37218e31caaeb69ecd8523394718f074d87c7,0x047bf2d1e85edb7a56412b067afa07312477ff5d,1
0xe0e37218e31caaeb69ecd8523394718f074d87c7,0x289d4ae72a64ff07cb3d80d5520b55ec04ec2aa9,1
0xe0e37218e31caaeb69ecd8523394718f074d87c7,0x37c3c7d856c4fca78a447929bbee13c100033e18,1
0xe0e37218e31caaeb69ecd8523394718f074d87c7,0x445c37b44405da7aa59ed786050b9a6cb4cf7e2a,1
0xe0e37218e31caaeb69ecd8523394718f074d87c7,0x667ae6c38c09d777a2b60967756d20b11c620b96,1
0xe0e37218e31caaeb69ecd8523394718f074d87c7,0x87c31c658646c874cd81d4f268fb75d86c3e002c,1
0xe0e37218e31caaeb69ecd8523394718f074d87c7,0xc9e78a649ec307bf3952250e5f65b6968fb78fe1,2
0xe0e37218e31caaeb69ecd8523394718f074d87c7,0xcc98e9ccaf2d7ade07a96207632edf2719b5ccfc,1
0xe0e37218e31caaeb69ecd8523394718f074d87c7,0xd1fd52c612167e7151e3ae4ce093f3b3315588f2,1
0xe0e37218e31caaeb69ecd8523394718f074d87c7,0xe18159438734295bf8611df8ae91323b992a2bc4,1
0xe0e37218e31caaeb69ecd8523394718f074d87c7,WETHContract,9
0xe18159438734295bf8611df8ae91323b992a2bc4,0x047bf2d1e85edb7a56412b067afa07312477ff5d,1
0xe18159438734295bf8611df8ae91323b992a2bc4,0x1127db41c0dd1ca4a19cc47608bcb111c409f120,2
0xe18159438734295bf8611df8ae91323b992a2bc4,0x289d4ae72a64ff07cb3d80d5520b55ec04ec2aa9,8
0xe18159438734295bf8611df8ae91323b992a2bc4,0x2d9bfefc3943900c7d3e74bbcf2ed10fd2a1380a,1
0xe18159438734295bf8611df8ae91323b992a2bc4,0x2f74539ec09e24749f135247eb24fb56e756f27b,1
0xe18159438734295bf8611df8ae91323b992a2bc4,0x445c37b44405da7aa59ed786050b9a6cb4cf7e2a,1
0xe18159438734295bf8611df8ae91323b992a2bc4,0x4d288e1cf270c355baf04595ed9f494c6d4ecf32,1
0xe18159438734295bf8611df8ae91323b992a2bc4,0x667ae6c38c09d777a2b60967756d20b11c620b96,1
0xe18159438734295bf8611df8ae91323b992a2bc4,0x76999aed261fc44d04acf027635b96f23eff444e,2
0xe18159438734295bf8611df8ae91323b992a2bc4,0x832fece91aadbff307ae3740bb35727d5f3c6148,1
0xe18159438734295bf8611df8ae91323b992a2bc4,0xdac4e8ef1a2550aaa208345e4b4e0d0f7db26dd9,1
0xe18159438734295bf8611df8ae91323b992a2bc4,0xe0e37218e31caaeb69ecd8523394718f074d87c7,2
0xe18159438734295bf8611df8ae91323b992a2bc4,0xe18159438734295bf8611df8ae91323b992a2bc4,1
0xe18159438734295bf8611df8ae91323b992a2bc4,0xf05da76954205c1cf1a4cd61e884fe2043b6d8f2,1
0xe18159438734295bf8611df8ae91323b992a2bc4,0xf48c6c501cc56f4a09b625518fb529e406824610,1
0xe18159438734295bf8611df8ae91323b992a2bc4,WETHContract,35
0xe251e824696bc67f646b894e891ef5d8588328a6,WETHContract,1
0xe28a26cdb60d988eab41f1aeb30d09d76235c525,WETHContract,1
0xe59fe9156ba6c37eca35b42d4d0daac0e38e8656,WETHContract,1
0xe5f24e98e1b9d9b7822a2d3a1871d66bccf800b7,WETHContract,2
0xe5f4c5bc98b2e0fc41a474492b6033b64f71d023,WETHContract,2
0xe71d22573b0f03eb126fd0ec493a06b3331840ab,WETHContract,1
0xe80f0c3148ca328384a6ceec57fc4a14d372779b,WETHContract,2
0xe8cce76e9c265e4a59ca30fd7fbd180cab496483,WETHContract,1
0xe9ac627b17010dc2423952811a953df67e1b2177,WETHContract,1
0xeb21d91ba95827c1ff9f40c17e23123939708613,WETHContract,1
0xeb80c4ca0d46b75c4663f1dd0b0def277872be6f,0xa1952f7f47c04ea85ad6f306cb12c3d5f122c360,1
0xeb80c4ca0d46b75c4663f1dd0b0def277872be6f,WETHContract,1
0xec230a7dbc09c9715f2918c36d7f217e178ab4cd,WETHContract,1
0xec442ad6a9d6afc7c52b9b73c442b0d5e2e66fc4,WETHContract,2
0xec4e63494d97090b0603286200306ca729ffa373,WETHContract,1
0xecd3187fa040e6d88dd39fc4ee828e0d5c249179,WETHContract,1
0xece0a062439f942f93df21c5630d44a9286fa05c,WETHContract,1
0xecf692a2f49546250ddcde6c64bf8f3338a95bac,WETHContract,2
0xed1fd01d1c5ccef53b1c3d6add17df07d1d8c192,WETHContract,1
0xef39e4d70e28b579b4715c8aa1261df608dbac50,WETHContract,1
0xf05da76954205c1cf1a4cd61e884fe2043b6d8f2,0x05c996664fbf25c8225a8963f158eee4a90632a5,2
0xf05da76954205c1cf1a4cd61e884fe2043b6d8f2,0x2889388b6808a7fa176fe30448461d3bbc994da6,2
0xf05da76954205c1cf1a4cd61e884fe2043b6d8f2,0x289d4ae72a64ff07cb3d80d5520b55ec04ec2aa9,1
0xf05da76954205c1cf1a4cd61e884fe2043b6d8f2,0x445c37b44405da7aa59ed786050b9a6cb4cf7e2a,1
0xf05da76954205c1cf1a4cd61e884fe2043b6d8f2,0x4d288e1cf270c355baf04595ed9f494c6d4ecf32,1
0xf05da76954205c1cf1a4cd61e884fe2043b6d8f2,0x5d8ab66b9df02d8e9fffe7bb8739b1efccd57f8a,1
0xf05da76954205c1cf1a4cd61e884fe2043b6d8f2,0x667ae6c38c09d777a2b60967756d20b11c620b96,1
0xf05da76954205c1cf1a4cd61e884fe2043b6d8f2,0x76999aed261fc44d04acf027635b96f23eff444e,1
0xf05da76954205c1cf1a4cd61e884fe2043b6d8f2,0x832fece91aadbff307ae3740bb35727d5f3c6148,1
0xf05da76954205c1cf1a4cd61e884fe2043b6d8f2,0x87c31c658646c874cd81d4f268fb75d86c3e002c,2
0xf05da76954205c1cf1a4cd61e884fe2043b6d8f2,0xc9e78a649ec307bf3952250e5f65b6968fb78fe1,1
0xf05da76954205c1cf1a4cd61e884fe2043b6d8f2,0xc9ffb71c1760fbbb49b0cb3f02ca7d5727908315,1
0xf05da76954205c1cf1a4cd61e884fe2043b6d8f2,0xdac4e8ef1a2550aaa208345e4b4e0d0f7db26dd9,1
0xf05da76954205c1cf1a4cd61e884fe2043b6d8f2,WETHContract,12
0xf0ad38f6dc9d538ed4dc70f4ee158ac3f5952a00,WETHContract,2
0xf0ae5456330a87f177e7f37389a10e434f460eb3,WETHContract,1
0xf0d6d3e44314de9ca7f2666ea4f75defd117bdd2,WETHContract,1
0xf2bbec367b9c40c4eb2717b745296696f51351b4,WETHContract,1
0xf3f3a5c3fdebf3cb028a056a2b2201283c1fa18f,WETHContract,1
0xf43ee724e1bd655a33910faf6fc5692fb2da6fa5,WETHContract,1
0xf44a3dc7018d0b77ed7d6329671fde985e31440c,WETHContract,1
0xf44c96536523fb32bd251a095ef424a57a8977cf,WETHContract,1
0xf48c6c501cc56f4a09b625518fb529e406824610,0x05c996664fbf25c8225a8963f158eee4a90632a5,1
0xf48c6c501cc56f4a09b625518fb529e406824610,0x2f74539ec09e24749f135247eb24fb56e756f27b,1
0xf48c6c501cc56f4a09b625518fb529e406824610,0x4d288e1cf270c355baf04595ed9f494c6d4ecf32,1
0xf48c6c501cc56f4a09b625518fb529e406824610,0x76999aed261fc44d04acf027635b96f23eff444e,2
0xf48c6c501cc56f4a09b625518fb529e406824610,0x832fece91aadbff307ae3740bb35727d5f3c6148,1
0xf48c6c501cc56f4a09b625518fb529e406824610,0xc9e78a649ec307bf3952250e5f65b6968fb78fe1,1
0xf48c6c501cc56f4a09b625518fb529e406824610,0xcc98e9ccaf2d7ade07a96207632edf2719b5ccfc,1
0xf48c6c501cc56f4a09b625518fb529e406824610,0xd158bdb894ed38c2e99f6b64f36d356280bbc6c4,1
0xf48c6c501cc56f4a09b625518fb529e406824610,0xd1fd52c612167e7151e3ae4ce093f3b3315588f2,2
0xf48c6c501cc56f4a09b625518fb529e406824610,0xdac4e8ef1a2550aaa208345e4b4e0d0f7db26dd9,1
0xf48c6c501cc56f4a09b625518fb529e406824610,0xe18159438734295bf8611df8ae91323b992a2bc4,1
0xf48c6c501cc56f4a09b625518fb529e406824610,0xf05da76954205c1cf1a4cd61e884fe2043b6d8f2,1
0xf48c6c501cc56f4a09b625518fb529e406824610,WETHContract,10
0xf6f1f80f0b7308f5f797c213bbe44e5dbaba476e,0x289d4ae72a64ff07cb3d80d5520b55ec04ec2aa9,1
0xf6f1f80f0b7308f5f797c213bbe44e5dbaba476e,0x2ae4add52a808c5f0472fa405ce662f0848c727b,1
0xf6f1f80f0b7308f5f797c213bbe44e5dbaba476e,0x2d9bfefc3943900c7d3e74bbcf2ed10fd2a1380a,1
0xf6f1f80f0b7308f5f797c213bbe44e5dbaba476e,0x2f74539ec09e24749f135247eb24fb56e756f27b,1
0xf6f1f80f0b7308f5f797c213bbe44e5dbaba476e,0x37c3c7d856c4fca78a447929bbee13c100033e18,1
0xf6f1f80f0b7308f5f797c213bbe44e5dbaba476e,0x4d288e1cf270c355baf04595ed9f494c6d4ecf32,1
0xf6f1f80f0b7308f5f797c213bbe44e5dbaba476e,0xc9e78a649ec307bf3952250e5f65b6968fb78fe1,1
0xf6f1f80f0b7308f5f797c213bbe44e5dbaba476e,0xcc98e9ccaf2d7ade07a96207632edf2719b5ccfc,1
0xf6f1f80f0b7308f5f797c213bbe44e5dbaba476e,0xe0e37218e31caaeb69ecd8523394718f074d87c7,1
0xf6f1f80f0b7308f5f797c213bbe44e5dbaba476e,0xe18159438734295bf8611df8ae91323b992a2bc4,1
0xf6f1f80f0b7308f5f797c213bbe44e5dbaba476e,0xf05da76954205c1cf1a4cd61e884fe2043b6d8f2,2
0xf6f1f80f0b7308f5f797c213bbe44e5dbaba476e,WETHContract,8
0xf7b8498646112af853219f06a0e1c9f968a3d0d2,WETHContract,1
0xf7f496d23a422dd05e5c53f7c35a7a540a4a966b,WETHContract,1
0xf80593eebe46df21217c5cf6bf470e81e6d9543a,WETHContract,2
0xf8d2e19e3ec625ca7819c969cfb1ae8ea1f44308,WETHContract,1
0xfa6cfea1aa02b7418961c06fd8a8522fd55a9960,WETHContract,1
0xfa70b3ff50f1fc8dac1cfd9f262e7ad4d910b977,WETHContract,1
0xfaafc4f1edfff7a3050b37f85d42da2e47459760,WETHContract,1
0xfb6b4b9949457b1478bfbe7f75a567409b888666,0xdac4e8ef1a2550aaa208345e4b4e0d0f7db26dd9,1
0xfb6b4b9949457b1478bfbe7f75a567409b888666,0xf05da76954205c1cf1a4cd61e884fe2043b6d8f2,1
0xfcaaae0c322be427d4cff22d1f5318c12e262975,WETHContract,2
0xfd24a2e7a8e9e352b89d6ec0bfece52ec527ab8f,WETHContract,1
0xfeb9d09c6f8634b93c9373efe700d2a2a3bf1f7e,WETHContract,2
0xffa8fb32718b63561c747830341328fd9c7bc8e6,WETHContract,1
0xffdaaef63790d3aa790524c76b3f51dd99df8fda,WETHContract,1
WETHContract,0x0000002e05c03f1940141972c7bf14dab3ad6111,1
WETHContract,0x000008159ce9ade13270f4a134bd34bf54349f01,1
WETHContract,0x000014b76f74463b87ebcd8632a03d577c9b6111,1
WETHContract,0x0001166915b5d94b443e65f7398323a1b8adf111,1
WETHContract,0x0001de82c696b6b18f0a401de0463ebb3c631111,1
WETHContract,0x0002a1e702b0bfcdf8f9e10f5e1ce99bfeb4a111,1
WETHContract,0x00034187c8d0d887821587573586f75624c5e111,1
WETHContract,0x000461a73d3985eef4923655782aa5d0de75c111,1
WETHContract,0x0006d09df7b0e8dce98463b95439475fcec29111,1
WETHContract,0x00077705952c90b728c6d7dc450beb4429331111,1
WETHContract,0x0007b980c03f153a94ddcd796f548ee216ded111,1
WETHContract,0x000a2e6e9552fdfd57275f882c369894e7957111,1
WETHContract,0x000a607b0c5ea26b3f24e8c78738c56c61235111,1
WETHContract,0x000ae1e2ba3624208300605d7919d6c4803c6111,1
WETHContract,0x000c1fa092591c77c86e3ebd39a4b82f52171111,1
WETHContract,0x000f143bd24c0d7aff43de524cb32c2f5a752171,2
WETHContract,0x000f5446f20f27bc4826a32ec05235a4215e6111,1
WETHContract,0x0042d6a66560fc330016e3e0ac8650f61836dafd,1
WETHContract,0x00642820ce8b8b6d4f650697a18ce169680717cf,1
WETHContract,0x0071c1b45565496d913f6e3b78437843adad84db,4
WETHContract,0x00d4b9c9d02991c5d9b1b1448f883be82654f28c,2
WETHContract,0x00fdf1e1ed8b5fb86c8fc9bc5f0639820187cb05,1
WETHContract,0x02461e4b454b745f8c4d921636814e3db70805ee,1
WETHContract,0x041d7e007b6841b9e6d5e236e78b6c01ab66659a,1
WETHContract,0x04776104757d207ca07a9b42fc720eb84ec937b4,1
WETHContract,0x047bf2d1e85edb7a56412b067afa07312477ff5d,6
WETHContract,0x04a39af7cb0349c76b56dade3205a228044ee431,1
WETHContract,0x05554d636354c0693ae10683a07517fdbc38bc70,1
WETHContract,0x05c996664fbf25c8225a8963f158eee4a90632a5,10
WETHContract,0x061ed36d0d3c96e9a3e5811c76d1d10c8bc3b8b7,1
WETHContract,0x06539c73ad05e5fec431485e8908104c8c2a086a,1
WETHContract,0x068ffa6bb53f9a26a8a0350d19ca3450544f0344,1
WETHContract,0x06e8b59c2c6c761416dea1014600e88ecd34c783,1
WETHContract,0x071ee091ad119b55aa932905cba0ce2665c8c1ea,1
WETHContract,0x07c955e07c35459fb2f1b6fb972659b282a00ecd,1
WETHContract,0x07cf2df49f989974150ad00796c5c42bc70c151b,1
WETHContract,0x087542ff819de1cbf7d6f102852ce90b1d589e8a,1
WETHContract,0x08c417b989114c97af15458e2ecbdf56d13b3036,1
WETHContract,0x0a1bf921010fa5354ab27d3ee0b2e845df2efa51,1
WETHContract,0x0a3026ddea0352352aeacfcbedc612e3319ebbf8,4
WETHContract,0x0ba5f38d949be37b5af84a527c13e8d7095d8639,2
WETHContract,0x0bb454c2d4e642a5c18f1b3db4d020ba202907df,1
WETHContract,0x0bf96cebfccbe35c2fa294e2cc59c4f862c8c3c9,1
WETHContract,0x0c94097c460bcf30da8a5568ffbc5356e876d9ff,1
WETHContract,0x0cf7d05dc5912bd39a9f6e67fc5b63c322b30a14,1
WETHContract,0x0d5958f7a90dee9315b1acd57825b6592cda699a,1
WETHContract,0x0dd692f37c21fbaef782cbc9fb7fd1ede6a50937,1
WETHContract,0x0df1f6a32dbbcd8ab8920a81fcdd7f80d9a1f819,1
WETHContract,0x0df2cef5ee31b58deae39b5486b438c6d6266777,1
WETHContract,0x0e165b0e277e867ca957821892c38de3ae5553b7,1
WETHContract,0x0e215fb836c685b2d40e8a5852c8890d0dc0f0fb,1
WETHContract,0x0e29a1ae96340752bcb06dca755cbc1e6a0101cb,1
WETHContract,0x0ed77d94d94f2e41deafc6c7ca5da5f898414f55,1
WETHContract,0x0fe526e43c55096c9308d6242302d0948862d239,1
WETHContract,0x101745af21d0f0fa93f1758f38c252a1175b9941,1
WETHContract,0x1127db41c0dd1ca4a19cc47608bcb111c409f120,31
WETHContract,0x112a79390cb874b77a5b24b5c3151b955f7f7c6c,1
WETHContract,0x11462ae853e26f118cb56accd1661a6bb3daecc9,2
WETHContract,0x11712e2d0da1fc9ee8ba038a484abb3870adba20,1
WETHContract,0x1234567fe5adc6dfad0ea285df5b98ee8fa7355c,1
WETHContract,0x123791770351ccfcc96a3dba2658fe4200a66584,3
WETHContract,0x123c87027f62395b5d26cbeae1f3981ba634b58f,1
WETHContract,0x12fa63f4beb6b4025ee8e5eab8e032c25a12f762,1
WETHContract,0x1364e7cdd0a4b6c95eabaf72ec44476aeda5ea2a,1
WETHContract,0x13c0f0edf71414f184f8134e2c773fd7ce0293bb,1
WETHContract,0x13e8d8c27f92f11731b6cfec799e2c7b64b3fbab,1
WETHContract,0x143659c9ede0782e235cdd21f59e3e8a5867e0d9,2
WETHContract,0x145e9873f093b3b2d2e5c03a2b04b673e0985f48,1
WETHContract,0x14c1373ad2d02cf1f952cb91d1570fd57ac11ecd,1
WETHContract,0x1538477d29fd61decfe0388603e987a611611b20,1
WETHContract,0x15cc1a7b548b5855dd1312f5e0a60aa87b68ab11,2
WETHContract,0x16c6f731f2a44958754829144a39c50ac491455d,2
WETHContract,0x16d3ec52f18671286a5e3bbe3689c936238003f0,1
WETHContract,0x17085202dc682fdcfa66114e9bd945a05f72c24f,1
WETHContract,0x1725d59d72fd581b83056cbcb29b86804e462783,1
WETHContract,0x173734a7a4e3cf170553b37a21eacfb9a92b1933,1
WETHContract,0x1787035c93f88c7989336ecf35ac68550fc60e6a,1
WETHContract,0x17c2e1598d4583c12b50c6ce668f778fcca08d38,1
WETHContract,0x17dfe336f7c9a6855d89d28a33367483c88a5fdc,1
WETHContract,0x17f8f281f3718d4a578842c9f1208ada826e90aa,4
WETHContract,0x182b62cd0bbc082e8f7eca0f2e1c5802c24d3317,1
WETHContract,0x186f5c42095b10a67f4a83fdcd1f6faf720342cf,1
WETHContract,0x1890a235bb0d800e065fafb8ef8ab1548a14ec2f,1
WETHContract,0x18a0a25a8c1aad394f70bccf1bf8be107236eebb,1
WETHContract,0x18eaac8bad462b3226f885f42cc59c78d20ff939,1
WETHContract,0x193e75b60a4ca8bc842dc28604afc6c41afe972a,1
WETHContract,0x19ce3f049bb614606e72049a91f4a8a4257def4d,1
WETHContract,0x19f26ea64647b0e2bc99eec127c035fdd31c5433,1
WETHContract,0x1ad82b47288cc832ced6613efceb4e6c616317fc,1
WETHContract,0x1af9b856246a13699354578a01701e3d1f1c8200,5
WETHContract,0x1b4d19e1fe25c5b3b4d1b4c98b530f9895993164,1
WETHContract,0x1bc539e8e8b4bdcb2830f7d454c4e621b6397d3c,1
WETHContract,0x1c1c3b7de0df26bf69cc9da78ee9652aec798ff8,1
WETHContract,0x1c1cb9f364cbe40687413e4a76d7e7070a24e12d,3
WETHContract,0x1e420292c637b3704e7e900c6e33af9738f79afc,1
WETHContract,0x1e480ac9f07e757a8b08ce96f8ced1ac03037332,1
WETHContract,0x1efabc36470601b521d17dc7079f43e4a2f30e70,1
WETHContract,0x1f4ac5c1535f6b30cda57f353d88a1e5714fac1d,1
WETHContract,0x1fa0eb1d382b4146bb1bee75482fc9ebb59c13f7,1
WETHContract,0x1fd230423888473d1bd2047d0d330f785228cfcd,1
WETHContract,0x20f4bc7dfa03b7f4cca90526769a5254cfb8ec43,1
WETHContract,0x22151708f205a7c4b2cf9bbb470b68476a82c693,2
WETHContract,0x22a91690022341301256127475d5e5d37e3e3e27,1
WETHContract,0x232b7845f69c1deeff8f7b3964bf909fd4973de6,1
WETHContract,0x234567b2be7b281205e577c15fe5022eea2d5725,1
WETHContract,0x2461c01589b51365e6532db0af473217d25fb51a,1
WETHContract,0x24eca210afee728eb7e8e35642ed1582ff605a84,2
WETHContract,0x25230583865aa2b372359944f4b78bbca2cc0787,1
WETHContract,0x254019cb2b2f466d4c2fd9dd445ed36535c0d3c0,1
WETHContract,0x2551d9aa47acd6dbee342920860de9b01f0730c8,1
WETHContract,0x25a4bd326ea59e53fa8323cf7e71e15686186368,1
WETHContract,0x2660d8f260eef09e5be93f11e85f1efa7c4bda1f,1
WETHContract,0x268dec53b71a2e688638419e9a0fc6204cd716ef,1
WETHContract,0x26ca49197e15b70ad838aebbcd3aefe5cd0eb749,3
WETHContract,0x270f4ceead65439c717fdcab0b7d0be6aff90589,1
WETHContract,0x275121b5734bdae3bd97da0fe37f47450656cb13,1
WETHContract,0x276f0a32cd77ada9df451a518b12eeb2bf15c78c,1
WETHContract,0x277639e0c01e3cf5fef2b67d3eeb3b8d6d2382c9,1
WETHContract,0x2889388b6808a7fa176fe30448461d3bbc994da6,10
WETHContract,0x289d4ae72a64ff07cb3d80d5520b55ec04ec2aa9,40
WETHContract,0x295a0d9361cb3bc72b57b4058e2af1e86a046833,1
WETHContract,0x29a70803e53a565bb0d4e413ae1602d794c6503c,1
WETHContract,0x2aa460bce4bd548fe402c8797de1db122fbcd7b6,1
WETHContract,0x2ae4add52a808c5f0472fa405ce662f0848c727b,17
WETHContract,0x2af7699255c21668848cf92f6399e88576aa733d,1
WETHContract,0x2b399ae50c89ee610088717f6e22639b87d79309,1
WETHContract,0x2b60485396fdb4397115b374e9b8b74eb6fb7448,2
WETHContract,0x2b6d280eaa0b52021b1ab997589f341673d34413,1
WETHContract,0x2bcc8350f1563b38ea62a8ba7d19bd89d6c77ce1,1
WETHContract,0x2c31a2de2cff6d1d143c5da07f62f90cb21a9384,1
WETHContract,0x2ca0a70c185d9edb61c4f5781c8f91696ab26651,2
WETHContract,0x2d9bfefc3943900c7d3e74bbcf2ed10fd2a1380a,10
WETHContract,0x2f74539ec09e24749f135247eb24fb56e756f27b,10
WETHContract,0x2f8e67afef92442f6783501ad220c17cfc1af8b4,1
WETHContract,0x3078dceb9923c6cd93a26e3f88c9dbe7646c17b9,1
WETHContract,0x3159b7dbbbc57f006726b4a676e1e0004b23f825,1
WETHContract,0x31b47c9b70f6ed771457b99ed92585938e2c43cf,1
WETHContract,0x32199ae96d481f6a71c0afde14e445c6677824d3,1
WETHContract,0x322a3bcb3f141b3efe13887052ddf071e44e3622,2
WETHContract,0x3381454380d24f6a9913af81e89ab91700aa0012,8
WETHContract,0x33ace673d92fe4f580fb1b5fb39ea37301ebeafc,1
WETHContract,0x3456788a82bbed039eb891586dd053ec6150ebf8,1
WETHContract,0x3458481b9b1e419e2e76a95b7a07747ac5d56e32,1
WETHContract,0x34600b27ed6e9fca07e456dbf4f1eed83b79fa10,1
WETHContract,0x35505b5d816d0781b9e51b0d1297531ffc7ee793,1
WETHContract,0x37c3c7d856c4fca78a447929bbee13c100033e18,7
WETHContract,0x38c7bfa9af9bf19ad086ff1895a6502fc2b9f3f1,1
WETHContract,0x38e55d4843ba8be061ab73b0c7f1f1caf768ef2d,1
WETHContract,0x39435169109c98fad350b60efb6ba5a0db5cc77d,1
WETHContract,0x39645175701f595296d250067229a24302a6711b,1
WETHContract,0x39aaca8f399c6eca87ee5cc14c485944cc46a8d5,1
WETHContract,0x3a25c0c5278a4750814611807723442d52a57c54,2
WETHContract,0x3a48256005d89f0a7c2d3b8654930de52313ffa0,2
WETHContract,0x3a8fa3367cbeabb9d4befec7c8d85f88a9347a4b,1
WETHContract,0x3a9b84c472ca29cb30d561c14beaa16ea17e49fb,1
WETHContract,0x3b538b08de0cf44ed057371a7e75e7eb8e7f9ae3,1
WETHContract,0x3b72fe31f84fc3b508bcac719afc962e6f234c68,1
WETHContract,0x3c86d511803afb9b7478a15527274f9b464bab89,1
WETHContract,0x3cbee8e831e02f7f4c86a411c5be32b0ca55a418,1
WETHContract,0x3dc84da65595ce3c66d2f8f1af7eb328ead01550,1
WETHContract,0x3e1513073bd3ca738bc0d8b795c69de1665c2e20,1
WETHContract,0x3eb81b24f5c89fe0119998bb8772413d32fec77c,2
WETHContract,0x3ef1e97803102e88add539c48eb5609867fde593,1
WETHContract,0x3fd4704c4ba87354d05a598e5db4b955a8075cb8,1
WETHContract,0x401d4994c06cafea0ba15ed9c9e4fc7bc09ca94f,2
WETHContract,0x4038a44b34dc6974b2d609715c00da7df845c4f9,1
WETHContract,0x40abd651a49f789d4e8f18924a321bfab57f6676,1
WETHContract,0x40d3e083b385546e55da7e2b767c64cdeea7eaad,1
WETHContract,0x410a587956c6da5dfb31c6a9a4c394e80723ac13,1
WETHContract,0x416205d2374549d849cb9f6a1b6a3fd8ba081e01,1
WETHContract,0x4177e4d1c0b32d62817b53b9a845308e4b534798,1
WETHContract,0x41a67499723a8f43d2c2bb73a9a151aa7c3bb377,1
WETHContract,0x42acc0fd795a7d1ef1cacecb0df6c82fcd0eef18,1
WETHContract,0x42dd57be4483abb4ca2a89cc0a26baaccb27a94e,1
WETHContract,0x42eece1f02988e536835522f1143a6ae58303bc1,1
WETHContract,0x42f3a6f1dd137b6505d2858c00649234482cbbff,1
WETHContract,0x42f8fa360395f17b4d277a810cd24827af6b6ad5,1
WETHContract,0x430649802221445131799bf61b2ebd0cdb6fbb7e,1
WETHContract,0x43a711ddd7efbee79c70ff0e1264c3fe7818c2d3,1
WETHContract,0x445c37b44405da7aa59ed786050b9a6cb4cf7e2a,14
WETHContract,0x44a6bfacc3d7290d6265e7c569016ba7a2d931a7,2
WETHContract,0x4519b9b604b753f58152ae89fcc3e5bca4856dbd,2
WETHContract,0x45678944da950a8a53fb474c459540314f98fa99,1
WETHContract,0x478fafe57926ba2d45aeb88eecc6c11e6f162eb2,1
WETHContract,0x47c03ef00ccb55220ac8bb032acf4dc4c83b9f44,1
WETHContract,0x47d8750325dfde813fd1be5d4c271293cd178504,1
WETHContract,0x48252b99301b4f7e5f8fabba50ed848bf12bd9ce,1
WETHContract,0x4883d497b43e981cffa0c15c0008e0c9413af57a,1
WETHContract,0x49ad01485006377520949d5026ef72e0c49868e2,1
WETHContract,0x49dea2b9bcca803df861023c7b8f40797e790139,1
WETHContract,0x4a4800489cacc14ad746ff0eba9dec72844f85ec,1
WETHContract,0x4a749596111dd107461db557690bcafce3f2cb6a,1
WETHContract,0x4a9950aec5ba23d765db2c91962ef0ca8009db5b,1
WETHContract,0x4b0c73f1d8f5a1a513260878a1a33368b232c12a,1
WETHContract,0x4b23188b10f90992168d18ba76be7f413d111111,1
WETHContract,0x4b326f74fac3a32bc84245ef8c978c28e338afaa,1
WETHContract,0x4cf6a0cef809f1f5eef4162d7c8f2117708e365f,1
WETHContract,0x4d288e1cf270c355baf04595ed9f494c6d4ecf32,8
WETHContract,0x4dc3d297e0841216766c87eaec5aa4329b222222,1
WETHContract,0x4e81fb2b4a7c5fc279fc2086b3322bb3dc3c12b6,1
WETHContract,0x4f3f5083bda2c7341c1846cfd8ed0bfb4d3ba63e,2
WETHContract,0x4f73443e497d66a82793eb7b8d8c3836c62d70b8,1
WETHContract,0x4fa066726e883c6f5ec21b9a26659ab5ae149cf7,1
WETHContract,0x5199a2c955e3a89fe3483306c9e451d7a54bc3f4,2
WETHContract,0x51a96f979e3c44d0251d1530ce23b39b614f23e9,1
WETHContract,0x521e7de181749869be069a108df36ab53860860e,1
WETHContract,0x52c2f7b1e1ed87b990b13d9b03b53360864d0be9,1
WETHContract,0x52d9d02d9b46758494411bd672e84113916e3346,2
WETHContract,0x52f51044db0001ec8315ffdb95977b0f57f8bc56,1
WETHContract,0x53031ef485de13979bbc76fd56e85699adc1593c,1
WETHContract,0x53418b5daf3aa2f6e9ce86ed16df699ed3f00c83,1
WETHContract,0x541ca077e6f7222df07634d6a429b05a7d0ae520,1
WETHContract,0x55522e44597f79605dd245989dbdea0edbcf9aaf,2
WETHContract,0x55550c03b0c9b87002c4351e1958cc588578a5fa,1
WETHContract,0x555522400e9a0db505f0ad8e27f013dffc86acbb,1
WETHContract,0x55552f97ad55474f3095e893db2c610ca55e5b96,1
WETHContract,0x555554b1ffb320bad74180e399b479617e27d1ff,1
WETHContract,0x55555e3fde2841002cc1c91203a1f54df11dbed7,1
WETHContract,0x555565d92153226d3bdf6adb1a9b5cab77a16dca,1
WETHContract,0x55558764731a3127b9f334eac78d74d49f894dcb,1
WETHContract,0x5555f5a5096f9e26b1a9e001b87496e2fe8f33ad,1
WETHContract,0x5593c6edb33e4e39023bb357730001a87841b30d,2
WETHContract,0x55deaa6444e135f775f1bc9b4ad543104996cd1f,1
WETHContract,0x55f5fcb304f1d59750f89fdcdfccd8068a6d71d5,1
WETHContract,0x5638484ba2d2f1d1d35020572b0aa439a9869192,1
WETHContract,0x56789162c3eb22ec63e43862ef918e22e3fde3dc,1
WETHContract,0x56c0213d75d740ee069922b13779cd74e1dcd0b8,2
WETHContract,0x56c1de63a188f1c4588819cb33e5ce8f229d3ddc,1
WETHContract,0x56f7993c83c1f24af487a65f26a3508fa13c26af,1
WETHContract,0x57e6cc000b3b6c68c838888a22474798e8a4ac24,1
WETHContract,0x58072eaebb812689705765724a1ffc354e04a2be,1
WETHContract,0x58161a66477802aeb002237a0ae49c6490d45084,1
WETHContract,0x58bf14b8e9aedd33f8dcd0eb7242d754dd832e4b,1
WETHContract,0x58cbefb3a78015b3ee9059f85d597e88e275df9b,1
WETHContract,0x59423e089f6770a09d1869b4544e8993f250d1f2,1
WETHContract,0x5ac0b18ea34fea316f1d22577fc06e515a779c3e,1
WETHContract,0x5ae769ec6f156d07ed916d9c176a3dba2364ff1c,1
WETHContract,0x5af384fd7a7399675b5a299d6906da34b9564049,1
WETHContract,0x5b0a6040584fb82114f653575bf1fb155ed4af86,1
WETHContract,0x5d8ab66b9df02d8e9fffe7bb8739b1efccd57f8a,4
WETHContract,0x5e2f391a4db2b6fb1ac6a7d126996a109e1362c4,1
WETHContract,0x5ea2f0fba21dc0c3400dcc5231fffcd9175c58f0,1
WETHContract,0x5ed9ea80f056777e87a45fdbed278f10f7608fed,1
WETHContract,0x6046895211886acc8a2247dc47d3c196e3f15721,1
WETHContract,0x6057645f05a6ddca258d6e5e3c95de66395ea295,1
WETHContract,0x609ae2f33eeb3490e3d0312da8e45f6c136fcb0c,1
WETHContract,0x60ad40aa82ba77e0050673434788a7f235865741,1
WETHContract,0x61374ce70fc1bb7cc56ac2b5eacaf21846afb4a2,1
WETHContract,0x61932210c502b28fcaeb22f6abbb34bc276d8ed6,1
WETHContract,0x61f6f6680d2dcc792822748167e8478fc7b21b5f,1
WETHContract,0x629a7795d35bf0fdc73bd8b5ba1db021a8fa7d84,1
WETHContract,0x62c6050a9421c4167d208291377d7eacae64a793,4
WETHContract,0x62f430f8ab6d79e441f59960034209ce2f8b3c81,1
WETHContract,0x632d7948ec95b8f96fdfe7b5068643cb7f91ad21,1
WETHContract,0x6351b8237d83ce32c694e545c57708f557c6006c,1
WETHContract,0x63a4cb39b0d34635263017282769b62bc07d2a91,1
WETHContract,0x63e9de385887b6d00ea10a787343b763efd31e1d,1
WETHContract,0x643d56a4503cf97a573dcbc52a76f80454492f92,1
WETHContract,0x64aaa3fe964c7be62f7b186ceb34dba1459b3245,1
WETHContract,0x64b41e3e3b39d41ea43b8111bbc18d8d700fa023,2
WETHContract,0x6552d32c1a0563d6bd434c761771341058862f78,1
WETHContract,0x65e9031aa186f6aec29115ca1382a11341840c64,1
WETHContract,0x667ae6c38c09d777a2b60967756d20b11c620b96,4
WETHContract,0x6707fe36f04e37fe71cb3fa533cd2ebb468bccec,1
WETHContract,0x673529d426f32a9229d46c9ac50983a05f146c99,1
WETHContract,0x67ae2f72b74396acbc0a2224eeba20dce0abf605,5
WETHContract,0x68089da7d51a38676eb74bad14b052c0d48a5099,1
WETHContract,0x68182338027f35d3b2dee6ba4b0d9d833719e578,3
WETHContract,0x69c044144038591dd700bca1b508784506b30a6b,2
WETHContract,0x6a7f43297e39affc7d0ece847eeb5f1291dfa371,10
WETHContract,0x6b69ae5d3cb76641c1e04d14c5cfc6b589c8e8d3,1
WETHContract,0x6b7d6508693f44738a67fb424b50c774e1946561,1
WETHContract,0x6c134754f4132b622bc2fc3cccc513e1bdb28c4d,1
WETHContract,0x6c1bf34bcd446e459425439e206ff8cd3116f43d,1
WETHContract,0x6c59c34ff103c3409fb0c6ffbad29e96cf295435,1
WETHContract,0x6c5dc35a9687237bbb386086580f3bfc2bdef320,1
WETHContract,0x6c7ebd3ff35311a1f4f36f587502a626c2da4d2f,1
WETHContract,0x6cdd2717f39e75808eefe90b09065cbaf392d504,2
WETHContract,0x6d0c7c4ce2ce9bb36f4734e71d063effdb7cdc8b,1
WETHContract,0x6d1883fbd7be51c823952f540f15a084237686a0,1
WETHContract,0x6d7619beb7139f62faab5741c019233c77d5a534,1
WETHContract,0x6daf6493094fb741a0a03f0cb75a6634b504bead,4
WETHContract,0x6f88c4d6603daf626b97739cfa886ddd3f20f83c,2
WETHContract,0x6fa1974371a909f7daf04f394ea5c9781abe18f0,2
WETHContract,0x6fd317808783543e1e8d5522966f9fc2bd286cbf,1
WETHContract,0x6ff5abca853375926b2dee43264458b73a7616c1,1
WETHContract,0x715a94b2c9cc99afeca4a869ec56f852afbda964,1
WETHContract,0x71cc0e32b2abd066558deba0e47bee9bd8f5ada7,1
WETHContract,0x7379640f118bfe2040b909880c958287f029d44b,2
WETHContract,0x7430a9921b736e71e4501188daedd3c2566e3213,1
WETHContract,0x74a89a72ef2669afadeca1af85fb8166fd69b9c4,1
WETHContract,0x74cc672c839e3602e0de53878235022da3b3799a,1
WETHContract,0x74fa2d6e434c8fd5869a9361f5a1fff0199e8e83,1
WETHContract,0x755a18621d58d04cbfdb4f1d5fa5920a66301663,1
WETHContract,0x75c9630e780159f370095f03df751eed53cfccf0,1
WETHContract,0x761c5a008969081df6e80fe57dc0dc9549989fdf,3
WETHContract,0x7673e87a4aec2dbf5775920b1d5e752007eba87d,2
WETHContract,0x76999aed261fc44d04acf027635b96f23eff444e,26
WETHContract,0x770f53f2e727a838027862e398c239d09e87c116,1
WETHContract,0x771a3fb75f466ba38e2e656e671d95024e987daf,1
WETHContract,0x774e3f79fe0da23192ba0d58b26b9baad14398ca,1
WETHContract,0x777774b1a7b236cdefe637200bd5d94918c0d1a4,1
WETHContract,0x777775f7c4acec565375194b31098d463135a054,1
WETHContract,0x77777639f22bb93b6dca1345ff659f6f8ccd6958,1
WETHContract,0x7777776a7d6c96dc3977692d9dbb1b188f478fa1,1
WETHContract,0x77e06a2395f278c0c166dae10f54e56f1ea78a8d,1
WETHContract,0x77ec040154583286586e88bd53de4d466f72514f,1
WETHContract,0x77fc1b2f22156a02266c689361730c10ab97abab,1
WETHContract,0x77ffc5bcc84c706d043eac6a996b48e0be0c0a00,1
WETHContract,0x78b256c933c33399fb0c717d67438cea768cdbf3,1
WETHContract,0x78bad10f8bc8a3c0d65a3dc6324205fd44dfcb8e,1
WETHContract,0x79c06846633123d23ed6a71c456bb2ff09129938,1
WETHContract,0x7a250d5630b4cf539739df2c5dacb4c659f2488d,2
WETHContract,0x7a5af5668646f3eb1524c3428bc8aaa416a13f17,1
WETHContract,0x7b9b058346741e2b2e58478cea7ac3cccd5beeb3,1
WETHContract,0x7bca08c776a278f49cee431f66ec07013e53709c,1
WETHContract,0x7c6c631e335a9d4661fc013d34a900e3585a2846,1
WETHContract,0x7c8bd5a28df5a2bd95b9c37604f95b32eb5fc41d,1
WETHContract,0x7cd3183deef5a64ddf829eb4952b08958a7cbc3f,1
WETHContract,0x7cd413ac07e790246abc8ff5cd3853b0b4705741,1
WETHContract,0x7ce9da83253afa7677c18815747a1adb271f92ca,2
WETHContract,0x7d3ed121cad81a3e56427f4d69fc364ac52510f0,1
WETHContract,0x7d6b0d7da35c8c4fc59d9dd1e835f626a0a81957,1
WETHContract,0x7d93d205eb2fd530f8b45a4ee16ca3d6f03bb719,1
WETHContract,0x7e246a00d7d1f07d28e93577731eb4aff422a295,1
WETHContract,0x7e28cc2ef6e1d0173ec09d5aada2b739c112c98e,1
WETHContract,0x7e46d607955b06c8c2a17f7161f54fa3cf6d543d,1
WETHContract,0x7ea58425fb3f871fd01ae18c157eeec8880701bc,1
WETHContract,0x7efcdce940c2da12f57cc340442f877ae162846e,1
WETHContract,0x8004ce0fc1d60da4ebc15c8e0557532f44cdba9b,1
WETHContract,0x80ba9b0cf30e27dd2b0d037c4648f07bb197d742,1
WETHContract,0x80efea5028d6c782ce029ce292b8da6dfdb6bb59,1
WETHContract,0x812130043463a1f5558c805693a9c475eb1a7de0,1
WETHContract,0x8148b3278e8fd7610a35390d943430b662b45a70,1
WETHContract,0x81d77bb263236f68031430b0ce5ef2d082442c8d,3
WETHContract,0x81e28c1488977751293a6224bb351e42d48c814e,1
WETHContract,0x81fa4603d7b9d687fbea0eec0c7ce35f2ea038b5,1
WETHContract,0x82085d667c6db08495e2dba204654e71761b112e,5
WETHContract,0x8217583c8c8b084b045a4dc184070fe66049eaa7,1
WETHContract,0x8223d1ce49ee49971a871582d15117d61f155a41,1
WETHContract,0x828aee1124355b3f737d87febe18024f38a2e622,1
WETHContract,0x82d3b7b7b684c4ed5544cec704d7fc6b97576ce5,2
WETHContract,0x832fece91aadbff307ae3740bb35727d5f3c6148,9
WETHContract,0x837feb64c896659f9249e2195b033b395c200798,1
WETHContract,0x83d2d5bc2ffc236af0a74dd63ea215e4451aecf7,2
WETHContract,0x83d8ed6621ca3caef05154d3871cd47a4542893e,1
WETHContract,0x83e1b0e23f71b4b27d16ccbb036266f1b52f01d4,1
WETHContract,0x841fa34eb6871402aa21bd09c68d6e53dd42538d,1
WETHContract,0x856bdead26ff4d1b5ed206663a3233f6fa1c6437,2
WETHContract,0x8677f0ed5327f3841739c5f8022c60201ed99316,1
WETHContract,0x86cc0a1fb7848a06c13b2a465ac9d83ba311e68c,1
WETHContract,0x86d5211f2125caf31b17021cb1e28c15d8fa41f1,1
WETHContract,0x87033ad96757ecd730aa1652b1a7dabcc5ffb182,1
WETHContract,0x87c31c658646c874cd81d4f268fb75d86c3e002c,10
WETHContract,0x87f1ce3cb933bba59bd2949a89c7db5c5a548fae,1
WETHContract,0x8839826b11c358a3fa764e5dd32f9d1a7cf8a1b6,4
WETHContract,0x883c524966e36d8b3ebb2a8cb64e082a819dfa24,1
WETHContract,0x884aa670f712e3aa36bcaa8c5cfc407cd925e5bd,1
WETHContract,0x88cb54b5951498c2795b63d3b22d6ab1f7c8612d,1
WETHContract,0x8900ed4a109e0006ab3bf2dfae435c9f78ffe733,1
WETHContract,0x8980e3c32565cd0b36638d5c8b7632918b8a3715,1
WETHContract,0x89a2664dc1811970b4cafd648209777bf8cae2e1,1
WETHContract,0x89d0e354e0d23788579c59463c54f644fc824674,1
WETHContract,0x89f499d0def5a2287c78b4df81e895e4b751fa58,1
WETHContract,0x8a5b5f16ac9cd6a26b0040e5713e594e511597c3,1
WETHContract,0x8a5d8700dd19488d964d202e87b0cc85704054db,29
WETHContract,0x8a6e8097aa5a6e125433e3ddf9b48f55f2602af2,3
WETHContract,0x8a95d0efbb0052638fe7f30eeef621045ac2f5b2,1
WETHContract,0x8c5e9266316af38f8889ba2f0299b8ca9e64b4c4,1
WETHContract,0x8d9cad58f70c491734efb145e87ce2c91c9f059d,1
WETHContract,0x8df4a5527b19f4d6ca5e7bf1e243480a457813ce,1
WETHContract,0x8e7378dcaf3937cfcdc10e869db9303dcc8b5b24,1
WETHContract,0x8e7d7367ac91ae626bbf584ab7d450589efc5a3a,1
WETHContract,0x8ecb303d99aabce2f90f14342f86c19c873ef74b,1
WETHContract,0x8fdf89e446dc07203fe448db59f948c9f5f3a83d,1
WETHContract,0x912e69e8737b54099abc140a4982ef9b5da07465,7
WETHContract,0x91555fc06268911c51a408cf0fa0e1e893843729,1
WETHContract,0x91d5482f54f2dfddf21caf8f5528f689397ae223,1
WETHContract,0x91fbd577ac3cf2d3f29903d0453b9b8f3d8c7f03,1
WETHContract,0x923cef6ac1af39f7de9a9b839c6dbf7a3ddb92db,1
WETHContract,0x92e441da1125ffca192d858e7b23fe078aa2b2f2,2
WETHContract,0x94243f79880c9e9f68e77bad5786d7ed52a5bcb1,6
WETHContract,0x9445c61f088c231993db160bcffa2edf2eef2b2a,1
WETHContract,0x94a29bef8b96d2c7dfdd420e82f121ab725c9186,1
WETHContract,0x94aa5849ed857f495a7bea1f493e2728c2c46ea2,3
WETHContract,0x94b7a10bf90a0c1253179649a0a565dabab4f04c,1
WETHContract,0x961b0a47a2a14c207ab443f965e49109c01aff40,1
WETHContract,0x96461bfc931bc262135e569f3500c5ebe0374e57,1
WETHContract,0x968803ab4194bbb0b06a8f3aa206e70ef5eac6d7,1
WETHContract,0x9712a9ae739cd901f046a39eb705433f5034fa27,1
WETHContract,0x9764b972cbc1e102edb8a74c0e52288ea7dfd448,1
WETHContract,0x97c11b73f158e0e1fd84db5f6ea1f4b9c7000a3f,1
WETHContract,0x9848b3edeaea3bfa153e0b8dafabb58ebd253fe5,1
WETHContract,0x98ef5fb0ae5d67201681def8c5113602b822e6f0,1
WETHContract,0x990ed2b67f7fef083aba650bc44ae93b74335b45,1
WETHContract,0x99e0aa37a66e2db3c51f30d03cd864767e72d7a6,1
WETHContract,0x9ab8f94a74a3786bba45b5d9d32cb8be8ab74ccf,2
WETHContract,0x9b04082ae277947290440f67b8309b2a009cd3c7,1
WETHContract,0x9b0e367f72ac64062831707c5776c6201f579d5b,1
WETHContract,0x9b56aa8f994d40ee928bbb3c269e743b2128b358,1
WETHContract,0x9b5cd82f64203d174c0ec3dbec22d6ea9f62d423,1
WETHContract,0x9b968da6a634f0c2fa4946c9e4dde533d5d5ed69,1
WETHContract,0x9bccbe5b39a1729289c4c09c48efbdc162399522,1
WETHContract,0x9bd70c8600930a1c276986786b6f0af36e9737e2,1
WETHContract,0x9c5b0835ebd7e646a975f06d4050753355958949,1
WETHContract,0x9c66ae1254762c620415003a89f0a58fa3a9dd76,2
WETHContract,0x9cd71850a7f491e5c46b2cddd11c811a17532dc9,1
WETHContract,0x9cdfcc37cdee055f4c703f1891672e2dee98f2ef,1
WETHContract,0x9d6581468f04e5e55876a2660b5aeabc12e3efa0,1
WETHContract,0x9d9749f86d54c1f8279231e92a1bb780f6d6df78,1
WETHContract,0x9ee7511b565a253be388ab130a48b5653a501e70,1
WETHContract,0xa0c87689708aef57e4dc411eadb871a886e3c23e,1
WETHContract,0xa0e53dba9ccb2c72a793b4dd51ef3dd65dbf7a63,2
WETHContract,0xa0ebf8506f9eeb88b76afd6a4efec86ed5c1169f,2
WETHContract,0xa1a025301d313248d31b490d8d591eec81121284,1
WETHContract,0xa325741c9e6360f70cdf28ca5a2586d01cfdcf10,1
WETHContract,0xa380f5f008c00d0090a8d42d53eb163e8bd4ade6,1
WETHContract,0xa42098e1de9f5700e8b63598894f163f1f8095c7,1
WETHContract,0xa49eac2f8324ed3252b3b8dec7275ee79c150231,1
WETHContract,0xa4dc741354e48da1ffd33382f821a76e4c524f8e,1
WETHContract,0xa50c08f58801c07be3f050229571d6e31fa466d6,1
WETHContract,0xa64b1cf4c10c11998787994a72b1c01b82165022,1
WETHContract,0xa746575b84b2262a90e12003b8e07132a372a651,1
WETHContract,0xa82d014c971c9a7f0a4c441295336b04d20bfcce,1
WETHContract,0xa84452be92195dcfbdeb5a1c566713a380a662f2,1
WETHContract,0xa89271c26011ac0bc78600241572ac39da22c7e9,1
WETHContract,0xa947377cb9b068a67cb370f5338343dba9d4e47d,2
WETHContract,0xa9f1061c3c1341afef13cf97b43018b96834b52a,1
WETHContract,0xaa7137eb34c2d3b794ee27008ed2287c681c28f3,1
WETHContract,0xab2d1297a6891ee2bec5b3ed926e99159c5a042a,3
WETHContract,0xab4ce2a08cbea809692218dd7841f681b80069a9,1
WETHContract,0xab59833cca33397b182d0b5def238571a15fbea9,1
WETHContract,0xab76d2511ef438b0702aefbf762e65e49d211263,2
WETHContract,0xabcd2ef7ffa1aec86ec0f2b47999b702ca40fb07,1
WETHContract,0xabf66536d234082a421309af38f3a0cc762c08f9,2
WETHContract,0xace423978fc408017f4cbb4c6793add0be8c0e61,1
WETHContract,0xad76297ce41f9cb675a6b051f43c1404c71d2565,1
WETHContract,0xadcc528bb5bbc2a50c680c228fff4dc902220301,1
WETHContract,0xadd8202dede79335d7bb129f47aa4f64e52101f5,1
WETHContract,0xadf13c755a95a1ad2dd1dc35b2b99573a188d187,1
WETHContract,0xae08ead429518c307c70e80d90b3b63ce7918ca6,1
WETHContract,0xae4015a00b6ee153405c64238e3c844aea1e667a,2
WETHContract,0xaf922993e674f2dda990d8d8c9ab75e464fdfe1c,1
WETHContract,0xafd495a64971fd1fe26b20d7c5e55fd47912c068,4
WETHContract,0xb012f3ace389b9aa989bedea7df7698d88702e89,1
WETHContract,0xb09847e13de56db6603f575bdbfd5c4fcb2d92fa,1
WETHContract,0xb0e4ee99d28fd60772c8a90627edd77829cb9b58,1
WETHContract,0xb1c230c40883d6f7106468ea7c733d4887fc7fea,1
WETHContract,0xb1c376e3b8c426d0ec6d2ad83e98aee3bac52f7a,1
WETHContract,0xb2086e151e1ae739e72128f4277ccca9123bc5ed,1
WETHContract,0xb2222c1e2e859ccbb6f6c1243366dd5d056cfba0,1
WETHContract,0xb2fde1c3eab715955a00f6224483e864b67e8a68,1
WETHContract,0xb3e6443691eab7937f3ac81e0fe5b80faed0e4ef,1
WETHContract,0xb3f9dd4ea99bfe636198e8bdd8330e9f6ec1904a,1
WETHContract,0xb43aabe5cf609a9ffa102723e4c86d6447d0cdc9,1
WETHContract,0xb4eab9a0c05b6a15918ae1b9690de3cb45df08f1,1
WETHContract,0xb51a1140d05ad5fdacbcfdf20f9dff5aa9cb5132,1
WETHContract,0xb5a66a13f26f6e8976862c2643083b235e04ff0c,1
WETHContract,0xb5b69cd37a3c31f8dd05dfe55ae873bfac74e17a,1
WETHContract,0xb6380198d5d96d9a950714f9eff9ebf283307180,1
WETHContract,0xb6ca564dab46827a1ea4eece526760070d6785ef,1
WETHContract,0xb6ca58ac2b23eb9e97c16ffc3efbb5380f05ec24,1
WETHContract,0xb742f26ca4760a765ac2f095b01fedae765dda40,3
WETHContract,0xb8073d2ae5c5e17e2fff7890656ec8bdfcb67395,1
WETHContract,0xb8369417066fd7e61d0219402c16d416e33cc64a,1
WETHContract,0xb8400987e8069d96410f7df9a96e33b31f78cf02,1
WETHContract,0xb899912e41a03c188cfef3b5027fd005c12d767c,3
WETHContract,0xb92a59fdc20ec1b6570e7452337889846a0ce2c2,2
WETHContract,0xb9868a3767b6e097d1bf1c837fa1b24ce84ed7da,1
WETHContract,0xb9c8379463c5a19f5565ff10941a484759db8189,2
WETHContract,0xb9ce524ca502b734577d85d92a9f1e6395317cbd,1
WETHContract,0xba88afd52bc6a3012c4502d2d4f3b092ed6cf0d4,1
WETHContract,0xba9b15ce30dbfe515614570d182e74a30ed7f961,1
WETHContract,0xbb3b4adb3b03f83ab917b90ce880ef12ff7689ca,1
WETHContract,0xbbcb3e1e95692937364725364a766eaed2e102b9,1
WETHContract,0xbccada8748fff1dd70a08d536f0ececafec7fb55,2
WETHContract,0xbd8a5e42d4af07df1ff46ef269c45f40942d6a56,1
WETHContract,0xbdcc4a74f1066e11a27f0367fffebdc96be38077,1
WETHContract,0xbdf59d84e393cc0728409144512d2cd62c3278f3,5
WETHContract,0xbe132bf72a25069bbea13a43cc9efd820d6e9c0e,3
WETHContract,0xbe99683ca86ec4ab0a4749e54097e67a20360a32,1
WETHContract,0xbf85ea414b432d5a2d8fac0ec2c9fcc99602407c,4
WETHContract,0xbfa33abbf2bb4966bfa882ba37e07a666b560118,1
WETHContract,0xc0fb1199da2ac90c930f6cf6cdbb6289b4be1387,1
WETHContract,0xc10afcc234b11359eb0d3e979aac667b1948da2f,1
WETHContract,0xc14caa8772375ba5cb75ac75e87c1297cad0b3ca,1
WETHContract,0xc1950c51d59a896da027fb4698f58e6d5ce7cbc7,1
WETHContract,0xc1b15d024ae0ee67558f017d163966ad2720241c,1
WETHContract,0xc1f45d178b23b8b3806d197ab4f85620cc1b0b5f,1
WETHContract,0xc21a95c9b0a1881fc53385096d6d9675aa02a3a8,1
WETHContract,0xc2ddf32d667276b531e75b9bd874330c15595f88,2
WETHContract,0xc31b365c60a2356826be87751c6a44d7f8a55211,1
WETHContract,0xc31fa516f1376d525edf6f9e01ab34c3fbbd3c23,1
WETHContract,0xc41a639dcf92dffa7f724cf7d16281b0ab1f3ab9,1
WETHContract,0xc4854fb046d8527e228e3c7564b0c102f4153f7b,1
WETHContract,0xc4baced67459b9b3362c697adb2a4050ae74692f,1
WETHContract,0xc584246719ce5cdd864a545238feff6670ad8aac,1
WETHContract,0xc5aacf5a5cb5cc28bcc89f256a3d49b4bd03a0af,1
WETHContract,0xc5de2c95c65a050b29cba1dfd38a625edb2b5e10,1
WETHContract,0xc6624801f5710ee5cb49065da749d334e10daef4,1
WETHContract,0xc668a02c44842ab5d5341949fa13d03760b4a000,2
WETHContract,0xc672604d798d8cbd0cf2cc654099f82bd02647ab,3
WETHContract,0xc6bd4158129861b2a1b763ee07a7d84e0d30978b,1
WETHContract,0xc6e6a7a3f4b5ae64bb31f4cace82182699ab07e2,1
WETHContract,0xc788c4a9f8a888474f587208eb9d9a93861ef5e1,2
WETHContract,0xc7ea727095266741e48a949dd14a102d123b4e52,1
WETHContract,0xc82d8dcc276978d888fc15f3060d4cc0b101f3af,3
WETHContract,0xc87fd03085491eb74b20b2becf50846ad4762163,1
WETHContract,0xc94782f82a18175f3402c0bed1aaf59cf1d15bb7,1
WETHContract,0xc96049799369879208bfc86df8d4fb55504a848b,2
WETHContract,0xc9e78a649ec307bf3952250e5f65b6968fb78fe1,16
WETHContract,0xc9ffb71c1760fbbb49b0cb3f02ca7d5727908315,15
WETHContract,0xca83adf8e4788d8bcd10b7cd8515e4d223d27865,1
WETHContract,0xca87711b4061bc5c61f7da6814256304b51275f9,2
WETHContract,0xcb063124a150e4f8385755d12b9a216f94265434,2
WETHContract,0xcbedf044c39cafadeb9ec282f08299f183a40a41,1
WETHContract,0xcc340b25a3ce699d45b6a69322610545759a1e4b,1
WETHContract,0xcc98e9ccaf2d7ade07a96207632edf2719b5ccfc,15
WETHContract,0xcceb10f787e4198d32b9f46eb7ca78130c49044f,1
WETHContract,0xcd1082bb0e6d7f158243724ae18f2550324b147e,1
WETHContract,0xcd3bc1ff38a5acdd72a561723f01a7785b37f741,1
WETHContract,0xcda31b98131b059fe6464963f1f474de6e13eb2b,2
WETHContract,0xce411406e51587d149884c0abc5ce0e62725e99d,1
WETHContract,0xcf1fa0ef06a779c85a9a65d9b6877bf46181c44d,2
WETHContract,0xcf2ee86daae7e364c7c05643e815c8d2498e2466,2
WETHContract,0xcf82d29d0587c0241f059f5afc5810022f5da3da,13
WETHContract,0xcf9ae3f27f58efd89744a99a4f7e283723d2cc36,1
WETHContract,0xcfccd1cb7a679f711c83ee5aa86ab1a8f17ce5f9,1
WETHContract,0xd02ffa158b6bd66d586b612a07c56d446c8ccd63,2
WETHContract,0xd08220cd2917c98a563d14ae94a3302cd49d0d47,1
WETHContract,0xd08b7569d4792465b3627fbd2e72f6c1ab39958d,1
WETHContract,0xd13552538def5cecc78a20aa2236573f0bee6443,1
WETHContract,0xd158bdb894ed38c2e99f6b64f36d356280bbc6c4,8
WETHContract,0xd18f20ab776c5448202d264b1170e16a31a579b3,2
WETHContract,0xd1e9b88e6f1a5ef64922c2abc6c46770fba2c4fa,2
WETHContract,0xd1fd52c612167e7151e3ae4ce093f3b3315588f2,13
WETHContract,0xd2b1c25524f8f5dc0d45a2deb6f837db3ca2cdd2,1
WETHContract,0xd39d2a7ca44d1b6f10e1ad7c4f0936dd9c3c8863,1
WETHContract,0xd49433745ca221106e48f788f80904cc58554b92,1
WETHContract,0xd4daa837bdf809012413951b1a0a3a46d1c0c233,1
WETHContract,0xd50a830db65725e842273b3a8de58b89b3f1fe34,1
WETHContract,0xd572cee28a2b1f80160c13d156621d70465741f1,3
WETHContract,0xd584239989584444089e8e2943d8c48479b55346,2
WETHContract,0xd5a4bfc14aa18a73e316ec77cf8c078aa1d7b974,2
WETHContract,0xd6876feff0b36c0e4e296138682ed5c3c898d309,2
WETHContract,0xd6a22534b5ec663c686cfb0dda24126f8b7c6e6f,1
WETHContract,0xd6fc0bc4d12de7470da816cce8757ac0a77249ee,2
WETHContract,0xd7f382c0b1631e81ac73d0abd5f6f37613d44ef9,2
WETHContract,0xd847e2e2bfad85e073fecd97a6bcd8b9e46e89d8,1
WETHContract,0xd86c2577bca1addaf2bb19efa5279a435cb965c4,1
WETHContract,0xd8b023601277245dffb586b404ef4a2b368d513c,1
WETHContract,0xd8c59a10856f3bc6e1420ffa5847dacb59f94084,2
WETHContract,0xd93d10900f53a4f445a88d62efff803edfe20980,1
WETHContract,0xd9655eb871a5f657e2e5d2d07f3ca2d18b4cb78a,3
WETHContract,0xd98b3bc6ae35f0cc6bbe84be6155a7a50d4a5489,1
WETHContract,0xd992b50bafdfb820d02c59d3e0a66736cc5c3a5e,1
WETHContract,0xd9b7f293f298f2702d71d241cc5ba46e9ba2ff5b,1
WETHContract,0xd9b8c0bd1ff0adfbbccb3d2bd1b93cea433996d6,1
WETHContract,0xd9f327fc2cf39c1433e53dade2afd7893e99e312,1
WETHContract,0xda840fe2369baf37c1aa87ad58b686d651a93e3e,1
WETHContract,0xdac4e8ef1a2550aaa208345e4b4e0d0f7db26dd9,8
WETHContract,0xdb6abd015fb7e661ab3edc76307bdf738e64d1a0,1
WETHContract,0xdb982e0f5a350c2dbdd400474b8b7eb6ddd265ec,1
WETHContract,0xdbb9c1540fd4b76a1590313fbf22e4b746a8e9ae,1
WETHContract,0xdbeb0a116eb8df6f2f418dfac7f6aedef03fdd06,1
WETHContract,0xdcad74e2629261ec0d55a974a0f03e33a3942a11,1
WETHContract,0xdd5c35abbfea2c05aaf7c5fd574070e4ec5ef4c5,1
WETHContract,0xdd61dc91e4339a1c698b11ade43c4067990b227a,1
WETHContract,0xdda66ad0ff2986686c35197cf8273f8c9245f536,1
WETHContract,0xde0aebe0f8fdc4d65b7c167ea016c0e31e766215,1
WETHContract,0xde74942fa7f1dd2f94f3345a844c3b66821f3898,1
WETHContract,0xdeb1d92175728a95b07a4bc8fa54cb180204f3c2,1
WETHContract,0xdf435aa871532a237772b619a03e2ca8b9162193,1
WETHContract,0xdf839f2d5bbde84d6534e828d2f9ad8923a2d0c5,4
WETHContract,0xe05857aa3f5e87c9a5880a6820f774a473591af3,1
WETHContract,0xe06ee832f30f1c776f94d04c6c0433fcd842eb28,1
WETHContract,0xe0e37218e31caaeb69ecd8523394718f074d87c7,3
WETHContract,0xe18159438734295bf8611df8ae91323b992a2bc4,42
WETHContract,0xe251e824696bc67f646b894e891ef5d8588328a6,2
WETHContract,0xe28a26cdb60d988eab41f1aeb30d09d76235c525,1
WETHContract,0xe507c1c3ab5f1973a0f5264bae80d3532d51d0da,1
WETHContract,0xe5578a5173fb82d0ba31b289bcc7fe0f5c583cf6,1
WETHContract,0xe59fe9156ba6c37eca35b42d4d0daac0e38e8656,1
WETHContract,0xe5f24e98e1b9d9b7822a2d3a1871d66bccf800b7,2
WETHContract,0xe5f4c5bc98b2e0fc41a474492b6033b64f71d023,2
WETHContract,0xe71d22573b0f03eb126fd0ec493a06b3331840ab,1
WETHContract,0xe7f8fd42ac94f819204edc6868308ecf2fc1ce07,1
WETHContract,0xe80f0c3148ca328384a6ceec57fc4a14d372779b,2
WETHContract,0xe81bbee3741ff986ecf1e12b2642b09387fe5c52,1
WETHContract,0xe8882fbe83b10af4ff0681a0c5aecdee7d47219b,1
WETHContract,0xe8c44281c9ee3b5fc1a4a26f180a82c7de52c04b,1
WETHContract,0xe8cce76e9c265e4a59ca30fd7fbd180cab496483,1
WETHContract,0xe9ac627b17010dc2423952811a953df67e1b2177,1
WETHContract,0xeb21d91ba95827c1ff9f40c17e23123939708613,1
WETHContract,0xeb6d411f8dcfd14f26f7f562c172895e85ab1707,1
WETHContract,0xeb80c4ca0d46b75c4663f1dd0b0def277872be6f,2
WETHContract,0xec0cb6d23f385c9818a48e0062b382adfef20a79,1
WETHContract,0xec11ea6d580cfc98b122044cd71353f31088a0f1,1
WETHContract,0xec230a7dbc09c9715f2918c36d7f217e178ab4cd,1
WETHContract,0xec442ad6a9d6afc7c52b9b73c442b0d5e2e66fc4,2
WETHContract,0xec4e63494d97090b0603286200306ca729ffa373,1
WETHContract,0xec80717b446049dab4417ae481431787a524b047,1
WETHContract,0xecd3187fa040e6d88dd39fc4ee828e0d5c249179,1
WETHContract,0xece0a062439f942f93df21c5630d44a9286fa05c,1
WETHContract,0xecf692a2f49546250ddcde6c64bf8f3338a95bac,2
WETHContract,0xecfca1b6e15156b58de8b69af2b47c125824c844,1
WETHContract,0xed1af5749b48896b9a41c4d335b4afd022440342,1
WETHContract,0xed1fd01d1c5ccef53b1c3d6add17df07d1d8c192,1
WETHContract,0xedb582480e1ce4413fb7b9c26404052442433600,1
WETHContract,0xef39e4d70e28b579b4715c8aa1261df608dbac50,1
WETHContract,0xf05da76954205c1cf1a4cd61e884fe2043b6d8f2,6
WETHContract,0xf0ad38f6dc9d538ed4dc70f4ee158ac3f5952a00,2
WETHContract,0xf0ae5456330a87f177e7f37389a10e434f460eb3,1
WETHContract,0xf0d6d3e44314de9ca7f2666ea4f75defd117bdd2,1
WETHContract,0xf1dfe5db0f757e6af9be2cc2e31725369e0088d5,1
WETHContract,0xf2bbec367b9c40c4eb2717b745296696f51351b4,1
WETHContract,0xf2de50fb34f34a331a1f0cd904924aecc9bf43a6,1
WETHContract,0xf329c685720264736a18858c17f6267340401af9,1
WETHContract,0xf3f3a5c3fdebf3cb028a056a2b2201283c1fa18f,1
WETHContract,0xf43ee724e1bd655a33910faf6fc5692fb2da6fa5,1
WETHContract,0xf44a3dc7018d0b77ed7d6329671fde985e31440c,1
WETHContract,0xf44c96536523fb32bd251a095ef424a57a8977cf,1
WETHContract,0xf48c6c501cc56f4a09b625518fb529e406824610,11
WETHContract,0xf5bca1a00d85588e75ded6537f51e1849b523e38,1
WETHContract,0xf6f1f80f0b7308f5f797c213bbe44e5dbaba476e,8
WETHContract,0xf7b8498646112af853219f06a0e1c9f968a3d0d2,1
WETHContract,0xf7f496d23a422dd05e5c53f7c35a7a540a4a966b,1
WETHContract,0xf80593eebe46df21217c5cf6bf470e81e6d9543a,2
WETHContract,0xf8d2e19e3ec625ca7819c969cfb1ae8ea1f44308,2
WETHContract,0xf93557696bd04f7a0c92501fdd02e1c9a0f42496,1
WETHContract,0xfa6cfea1aa02b7418961c06fd8a8522fd55a9960,1
WETHContract,0xfa70b3ff50f1fc8dac1cfd9f262e7ad4d910b977,1
WETHContract,0xfa8fbf874f70d14e3fb5482a973ab1a95c1443c7,1
WETHContract,0xfaafc4f1edfff7a3050b37f85d42da2e47459760,1
WETHContract,0xfcaaae0c322be427d4cff22d1f5318c12e262975,1
WETHContract,0xfd24a2e7a8e9e352b89d6ec0bfece52ec527ab8f,1
WETHContract,0xfe75c93b5df2be56eff763c43560ec94413b4989,2
WETHContract,0xfeb5cc87a5c5790b6340a904a6de3bb42f7e9c0f,1
WETHContract,0xfeb9d09c6f8634b93c9373efe700d2a2a3bf1f7e,2
WETHContract,0xffa8fb32718b63561c747830341328fd9c7bc8e6,1
WETHContract,0xffdaaef63790d3aa790524c76b3f51dd99df8fda,1
